Run,Attack/File,Accuracy,Precision,Recall,F1,TN,FP,FN,TP
1,LDAP,0.997174,0.998607,0.995833,0.997218,1389,2,6,1434
2,LDAP,0.997174,0.998607,0.995833,0.997218,1389,2,6,1434
3,LDAP,0.997527,0.999303,0.995833,0.997565,1390,1,6,1434
4,LDAP,0.997174,0.998607,0.995833,0.997218,1389,2,6,1434
5,LDAP,0.997174,0.998607,0.995833,0.997218,1389,2,6,1434
6,LDAP,0.997174,0.998607,0.995833,0.997218,1389,2,6,1434
7,LDAP,0.997174,0.998607,0.995833,0.997218,1389,2,6,1434
8,LDAP,0.997174,0.998607,0.995833,0.997218,1389,2,6,1434
9,LDAP,0.997174,0.998607,0.995833,0.997218,1389,2,6,1434
10,LDAP,0.997527,0.999303,0.995833,0.997565,1390,1,6,1434
11,LDAP,0.997527,0.999303,0.995833,0.997565,1390,1,6,1434
12,LDAP,0.997174,0.998607,0.995833,0.997218,1389,2,6,1434
13,LDAP,0.997527,0.999303,0.995833,0.997565,1390,1,6,1434
14,LDAP,0.997527,0.999303,0.995833,0.997565,1390,1,6,1434
15,LDAP,0.997527,0.999303,0.995833,0.997565,1390,1,6,1434
16,LDAP,0.997527,0.999303,0.995833,0.997565,1390,1,6,1434
17,LDAP,0.997174,0.998607,0.995833,0.997218,1389,2,6,1434
18,LDAP,0.997174,0.998607,0.995833,0.997218,1389,2,6,1434
19,LDAP,0.997527,0.999303,0.995833,0.997565,1390,1,6,1434
20,LDAP,0.997174,0.998607,0.995833,0.997218,1389,2,6,1434
21,LDAP,0.997174,0.998607,0.995833,0.997218,1389,2,6,1434
22,LDAP,0.997174,0.998607,0.995833,0.997218,1389,2,6,1434
23,LDAP,0.997527,0.999303,0.995833,0.997565,1390,1,6,1434
24,LDAP,0.997527,0.999303,0.995833,0.997565,1390,1,6,1434
25,LDAP,0.997527,0.999303,0.995833,0.997565,1390,1,6,1434
26,LDAP,0.997174,0.998607,0.995833,0.997218,1389,2,6,1434
27,LDAP,0.997527,0.999303,0.995833,0.997565,1390,1,6,1434
28,LDAP,0.997174,0.998607,0.995833,0.997218,1389,2,6,1434
29,LDAP,0.997527,0.999303,0.995833,0.997565,1390,1,6,1434
30,LDAP,0.997527,0.999303,0.995833,0.997565,1390,1,6,1434
31,LDAP,0.997174,0.998607,0.995833,0.997218,1389,2,6,1434
32,LDAP,0.997527,0.999303,0.995833,0.997565,1390,1,6,1434
33,LDAP,0.997527,0.999303,0.995833,0.997565,1390,1,6,1434
34,LDAP,0.997527,0.999303,0.995833,0.997565,1390,1,6,1434
35,LDAP,0.997174,0.998607,0.995833,0.997218,1389,2,6,1434
36,LDAP,0.997174,0.998607,0.995833,0.997218,1389,2,6,1434
37,LDAP,0.997174,0.998607,0.995833,0.997218,1389,2,6,1434
38,LDAP,0.997527,0.999303,0.995833,0.997565,1390,1,6,1434
39,LDAP,0.997527,0.999303,0.995833,0.997565,1390,1,6,1434
40,LDAP,0.997174,0.998607,0.995833,0.997218,1389,2,6,1434
41,LDAP,0.997174,0.998607,0.995833,0.997218,1389,2,6,1434
42,LDAP,0.997527,0.999303,0.995833,0.997565,1390,1,6,1434
43,LDAP,0.997527,0.999303,0.995833,0.997565,1390,1,6,1434
44,LDAP,0.997527,0.999303,0.995833,0.997565,1390,1,6,1434
45,LDAP,0.997527,0.999303,0.995833,0.997565,1390,1,6,1434
46,LDAP,0.997527,0.999303,0.995833,0.997565,1390,1,6,1434
47,LDAP,0.997527,0.999303,0.995833,0.997565,1390,1,6,1434
48,LDAP,0.997174,0.998607,0.995833,0.997218,1389,2,6,1434
49,LDAP,0.997174,0.998607,0.995833,0.997218,1389,2,6,1434
50,LDAP,0.997174,0.998607,0.995833,0.997218,1389,2,6,1434
51,LDAP,0.997174,0.998607,0.995833,0.997218,1389,2,6,1434
52,LDAP,0.997527,0.999303,0.995833,0.997565,1390,1,6,1434
53,LDAP,0.997174,0.998607,0.995833,0.997218,1389,2,6,1434
54,LDAP,0.997174,0.998607,0.995833,0.997218,1389,2,6,1434
55,LDAP,0.997174,0.998607,0.995833,0.997218,1389,2,6,1434
56,LDAP,0.997527,0.999303,0.995833,0.997565,1390,1,6,1434
57,LDAP,0.997174,0.998607,0.995833,0.997218,1389,2,6,1434
58,LDAP,0.997174,0.998607,0.995833,0.997218,1389,2,6,1434
59,LDAP,0.997527,0.999303,0.995833,0.997565,1390,1,6,1434
60,LDAP,0.997527,0.999303,0.995833,0.997565,1390,1,6,1434
61,LDAP,0.997174,0.998607,0.995833,0.997218,1389,2,6,1434
62,LDAP,0.997527,0.999303,0.995833,0.997565,1390,1,6,1434
63,LDAP,0.997527,0.999303,0.995833,0.997565,1390,1,6,1434
64,LDAP,0.997527,0.999303,0.995833,0.997565,1390,1,6,1434
65,LDAP,0.997527,0.999303,0.995833,0.997565,1390,1,6,1434
66,LDAP,0.997527,0.999303,0.995833,0.997565,1390,1,6,1434
67,LDAP,0.997527,0.999303,0.995833,0.997565,1390,1,6,1434
68,LDAP,0.997527,0.999303,0.995833,0.997565,1390,1,6,1434
69,LDAP,0.997527,0.999303,0.995833,0.997565,1390,1,6,1434
70,LDAP,0.997174,0.998607,0.995833,0.997218,1389,2,6,1434
71,LDAP,0.997174,0.998607,0.995833,0.997218,1389,2,6,1434
72,LDAP,0.997174,0.999303,0.995139,0.997216,1390,1,7,1433
73,LDAP,0.997527,0.999303,0.995833,0.997565,1390,1,6,1434
74,LDAP,0.997527,0.999303,0.995833,0.997565,1390,1,6,1434
75,LDAP,0.997174,0.998607,0.995833,0.997218,1389,2,6,1434
76,LDAP,0.997174,0.998607,0.995833,0.997218,1389,2,6,1434
77,LDAP,0.997527,0.999303,0.995833,0.997565,1390,1,6,1434
78,LDAP,0.997174,0.998607,0.995833,0.997218,1389,2,6,1434
79,LDAP,0.997527,0.999303,0.995833,0.997565,1390,1,6,1434
80,LDAP,0.997527,0.999303,0.995833,0.997565,1390,1,6,1434
81,LDAP,0.997527,0.999303,0.995833,0.997565,1390,1,6,1434
82,LDAP,0.997527,0.999303,0.995833,0.997565,1390,1,6,1434
83,LDAP,0.997527,0.999303,0.995833,0.997565,1390,1,6,1434
84,LDAP,0.997174,0.998607,0.995833,0.997218,1389,2,6,1434
85,LDAP,0.997527,0.999303,0.995833,0.997565,1390,1,6,1434
86,LDAP,0.997527,0.999303,0.995833,0.997565,1390,1,6,1434
87,LDAP,0.997174,0.998607,0.995833,0.997218,1389,2,6,1434
88,LDAP,0.997174,0.998607,0.995833,0.997218,1389,2,6,1434
89,LDAP,0.997174,0.998607,0.995833,0.997218,1389,2,6,1434
90,LDAP,0.997527,0.999303,0.995833,0.997565,1390,1,6,1434
91,LDAP,0.997527,0.999303,0.995833,0.997565,1390,1,6,1434
92,LDAP,0.997174,0.998607,0.995833,0.997218,1389,2,6,1434
93,LDAP,0.997174,0.998607,0.995833,0.997218,1389,2,6,1434
94,LDAP,0.997527,0.999303,0.995833,0.997565,1390,1,6,1434
95,LDAP,0.997174,0.998607,0.995833,0.997218,1389,2,6,1434
96,LDAP,0.997527,0.999303,0.995833,0.997565,1390,1,6,1434
97,LDAP,0.997527,0.999303,0.995833,0.997565,1390,1,6,1434
98,LDAP,0.997174,0.998607,0.995833,0.997218,1389,2,6,1434
99,LDAP,0.997174,0.998607,0.995833,0.997218,1389,2,6,1434
100,LDAP,0.997527,0.999303,0.995833,0.997565,1390,1,6,1434
1,MSSQL,0.999134,0.999356,0.999517,0.999437,1867,4,3,6209
2,MSSQL,0.999134,0.999517,0.999356,0.999437,1868,3,4,6208
3,MSSQL,0.999134,0.999517,0.999356,0.999437,1868,3,4,6208
4,MSSQL,0.999134,0.999517,0.999356,0.999437,1868,3,4,6208
5,MSSQL,0.999258,0.999517,0.999517,0.999517,1868,3,3,6209
6,MSSQL,0.999134,0.999517,0.999356,0.999437,1868,3,4,6208
7,MSSQL,0.999134,0.999517,0.999356,0.999437,1868,3,4,6208
8,MSSQL,0.999134,0.999517,0.999356,0.999437,1868,3,4,6208
9,MSSQL,0.999258,0.999678,0.999356,0.999517,1869,2,4,6208
10,MSSQL,0.999134,0.999517,0.999356,0.999437,1868,3,4,6208
11,MSSQL,0.999134,0.999517,0.999356,0.999437,1868,3,4,6208
12,MSSQL,0.999134,0.999517,0.999356,0.999437,1868,3,4,6208
13,MSSQL,0.999134,0.999517,0.999356,0.999437,1868,3,4,6208
14,MSSQL,0.999134,0.999517,0.999356,0.999437,1868,3,4,6208
15,MSSQL,0.999134,0.999517,0.999356,0.999437,1868,3,4,6208
16,MSSQL,0.999258,0.999517,0.999517,0.999517,1868,3,3,6209
17,MSSQL,0.999134,0.999517,0.999356,0.999437,1868,3,4,6208
18,MSSQL,0.999134,0.999517,0.999356,0.999437,1868,3,4,6208
19,MSSQL,0.999134,0.999517,0.999356,0.999437,1868,3,4,6208
20,MSSQL,0.999134,0.999517,0.999356,0.999437,1868,3,4,6208
21,MSSQL,0.999134,0.999517,0.999356,0.999437,1868,3,4,6208
22,MSSQL,0.999134,0.999517,0.999356,0.999437,1868,3,4,6208
23,MSSQL,0.999134,0.999517,0.999356,0.999437,1868,3,4,6208
24,MSSQL,0.999134,0.999517,0.999356,0.999437,1868,3,4,6208
25,MSSQL,0.999134,0.999517,0.999356,0.999437,1868,3,4,6208
26,MSSQL,0.999134,0.999517,0.999356,0.999437,1868,3,4,6208
27,MSSQL,0.999134,0.999517,0.999356,0.999437,1868,3,4,6208
28,MSSQL,0.999134,0.999517,0.999356,0.999437,1868,3,4,6208
29,MSSQL,0.999134,0.999517,0.999356,0.999437,1868,3,4,6208
30,MSSQL,0.999134,0.999517,0.999356,0.999437,1868,3,4,6208
31,MSSQL,0.999134,0.999517,0.999356,0.999437,1868,3,4,6208
32,MSSQL,0.999134,0.999517,0.999356,0.999437,1868,3,4,6208
33,MSSQL,0.999134,0.999517,0.999356,0.999437,1868,3,4,6208
34,MSSQL,0.999134,0.999517,0.999356,0.999437,1868,3,4,6208
35,MSSQL,0.999134,0.999517,0.999356,0.999437,1868,3,4,6208
36,MSSQL,0.999134,0.999517,0.999356,0.999437,1868,3,4,6208
37,MSSQL,0.999134,0.999517,0.999356,0.999437,1868,3,4,6208
38,MSSQL,0.999258,0.999517,0.999517,0.999517,1868,3,3,6209
39,MSSQL,0.99901,0.999356,0.999356,0.999356,1867,4,4,6208
40,MSSQL,0.999134,0.999517,0.999356,0.999437,1868,3,4,6208
41,MSSQL,0.999134,0.999517,0.999356,0.999437,1868,3,4,6208
42,MSSQL,0.999134,0.999517,0.999356,0.999437,1868,3,4,6208
43,MSSQL,0.999134,0.999517,0.999356,0.999437,1868,3,4,6208
44,MSSQL,0.999134,0.999517,0.999356,0.999437,1868,3,4,6208
45,MSSQL,0.999134,0.999517,0.999356,0.999437,1868,3,4,6208
46,MSSQL,0.999134,0.999517,0.999356,0.999437,1868,3,4,6208
47,MSSQL,0.999134,0.999517,0.999356,0.999437,1868,3,4,6208
48,MSSQL,0.999134,0.999517,0.999356,0.999437,1868,3,4,6208
49,MSSQL,0.99901,0.999356,0.999356,0.999356,1867,4,4,6208
50,MSSQL,0.999134,0.999517,0.999356,0.999437,1868,3,4,6208
51,MSSQL,0.999134,0.999517,0.999356,0.999437,1868,3,4,6208
52,MSSQL,0.999134,0.999517,0.999356,0.999437,1868,3,4,6208
53,MSSQL,0.999134,0.999517,0.999356,0.999437,1868,3,4,6208
54,MSSQL,0.999134,0.999517,0.999356,0.999437,1868,3,4,6208
55,MSSQL,0.999134,0.999517,0.999356,0.999437,1868,3,4,6208
56,MSSQL,0.999134,0.999517,0.999356,0.999437,1868,3,4,6208
57,MSSQL,0.999134,0.999517,0.999356,0.999437,1868,3,4,6208
58,MSSQL,0.999134,0.999517,0.999356,0.999437,1868,3,4,6208
59,MSSQL,0.999134,0.999517,0.999356,0.999437,1868,3,4,6208
60,MSSQL,0.999134,0.999517,0.999356,0.999437,1868,3,4,6208
61,MSSQL,0.999134,0.999517,0.999356,0.999437,1868,3,4,6208
62,MSSQL,0.999258,0.999517,0.999517,0.999517,1868,3,3,6209
63,MSSQL,0.999134,0.999517,0.999356,0.999437,1868,3,4,6208
64,MSSQL,0.999134,0.999517,0.999356,0.999437,1868,3,4,6208
65,MSSQL,0.999134,0.999517,0.999356,0.999437,1868,3,4,6208
66,MSSQL,0.999134,0.999517,0.999356,0.999437,1868,3,4,6208
67,MSSQL,0.999134,0.999517,0.999356,0.999437,1868,3,4,6208
68,MSSQL,0.999134,0.999517,0.999356,0.999437,1868,3,4,6208
69,MSSQL,0.999134,0.999517,0.999356,0.999437,1868,3,4,6208
70,MSSQL,0.999134,0.999517,0.999356,0.999437,1868,3,4,6208
71,MSSQL,0.999134,0.999517,0.999356,0.999437,1868,3,4,6208
72,MSSQL,0.999134,0.999517,0.999356,0.999437,1868,3,4,6208
73,MSSQL,0.999134,0.999517,0.999356,0.999437,1868,3,4,6208
74,MSSQL,0.999134,0.999517,0.999356,0.999437,1868,3,4,6208
75,MSSQL,0.999134,0.999517,0.999356,0.999437,1868,3,4,6208
76,MSSQL,0.999134,0.999517,0.999356,0.999437,1868,3,4,6208
77,MSSQL,0.999134,0.999517,0.999356,0.999437,1868,3,4,6208
78,MSSQL,0.999258,0.999517,0.999517,0.999517,1868,3,3,6209
79,MSSQL,0.999134,0.999517,0.999356,0.999437,1868,3,4,6208
80,MSSQL,0.999134,0.999517,0.999356,0.999437,1868,3,4,6208
81,MSSQL,0.999134,0.999517,0.999356,0.999437,1868,3,4,6208
82,MSSQL,0.999134,0.999517,0.999356,0.999437,1868,3,4,6208
83,MSSQL,0.999134,0.999517,0.999356,0.999437,1868,3,4,6208
84,MSSQL,0.999134,0.999517,0.999356,0.999437,1868,3,4,6208
85,MSSQL,0.999134,0.999517,0.999356,0.999437,1868,3,4,6208
86,MSSQL,0.999134,0.999517,0.999356,0.999437,1868,3,4,6208
87,MSSQL,0.999258,0.999517,0.999517,0.999517,1868,3,3,6209
88,MSSQL,0.999134,0.999517,0.999356,0.999437,1868,3,4,6208
89,MSSQL,0.999134,0.999517,0.999356,0.999437,1868,3,4,6208
90,MSSQL,0.999134,0.999517,0.999356,0.999437,1868,3,4,6208
91,MSSQL,0.999134,0.999517,0.999356,0.999437,1868,3,4,6208
92,MSSQL,0.999134,0.999517,0.999356,0.999437,1868,3,4,6208
93,MSSQL,0.999134,0.999517,0.999356,0.999437,1868,3,4,6208
94,MSSQL,0.999134,0.999517,0.999356,0.999437,1868,3,4,6208
95,MSSQL,0.999134,0.999517,0.999356,0.999437,1868,3,4,6208
96,MSSQL,0.999134,0.999517,0.999356,0.999437,1868,3,4,6208
97,MSSQL,0.999134,0.999517,0.999356,0.999437,1868,3,4,6208
98,MSSQL,0.999134,0.999517,0.999356,0.999437,1868,3,4,6208
99,MSSQL,0.999134,0.999517,0.999356,0.999437,1868,3,4,6208
100,MSSQL,0.999134,0.999517,0.999356,0.999437,1868,3,4,6208
1,NetBIOS,0.991011,0.976898,0.989967,0.983389,1613,14,6,592
2,NetBIOS,0.995955,0.994958,0.989967,0.992456,1624,3,6,592
3,NetBIOS,0.988315,0.96732,0.989967,0.978512,1607,20,6,592
4,NetBIOS,0.989213,0.970492,0.989967,0.980132,1609,18,6,592
5,NetBIOS,0.991011,0.976898,0.989967,0.983389,1613,14,6,592
6,NetBIOS,0.996854,0.998314,0.989967,0.994123,1626,1,6,592
7,NetBIOS,0.992809,0.983389,0.989967,0.986667,1617,10,6,592
8,NetBIOS,0.996854,0.998314,0.989967,0.994123,1626,1,6,592
9,NetBIOS,0.98382,0.966777,0.973244,0.97,1607,20,16,582
10,NetBIOS,0.994607,0.989967,0.989967,0.989967,1621,6,6,592
11,NetBIOS,0.996854,0.998314,0.989967,0.994123,1626,1,6,592
12,NetBIOS,0.994157,0.988314,0.989967,0.98914,1620,7,6,592
13,NetBIOS,0.995056,0.991625,0.989967,0.990795,1622,5,6,592
14,NetBIOS,0.988764,0.968903,0.989967,0.979322,1608,19,6,592
15,NetBIOS,0.989663,0.972085,0.989967,0.980944,1610,17,6,592
16,NetBIOS,0.996854,0.998314,0.989967,0.994123,1626,1,6,592
17,NetBIOS,0.995506,0.993289,0.989967,0.991625,1623,4,6,592
18,NetBIOS,0.994157,0.988314,0.989967,0.98914,1620,7,6,592
19,NetBIOS,0.996854,0.998314,0.989967,0.994123,1626,1,6,592
20,NetBIOS,0.996854,0.998314,0.989967,0.994123,1626,1,6,592
21,NetBIOS,0.996854,0.998314,0.989967,0.994123,1626,1,6,592
22,NetBIOS,0.995056,0.991625,0.989967,0.990795,1622,5,6,592
23,NetBIOS,0.996854,0.998314,0.989967,0.994123,1626,1,6,592
24,NetBIOS,0.994607,0.989967,0.989967,0.989967,1621,6,6,592
25,NetBIOS,0.991011,0.976898,0.989967,0.983389,1613,14,6,592
26,NetBIOS,0.995056,0.991625,0.989967,0.990795,1622,5,6,592
27,NetBIOS,0.995955,0.994958,0.989967,0.992456,1624,3,6,592
28,NetBIOS,0.996404,0.996633,0.989967,0.993289,1625,2,6,592
29,NetBIOS,0.995056,0.991625,0.989967,0.990795,1622,5,6,592
30,NetBIOS,0.996854,0.998314,0.989967,0.994123,1626,1,6,592
31,NetBIOS,0.996854,0.998314,0.989967,0.994123,1626,1,6,592
32,NetBIOS,0.994607,0.989967,0.989967,0.989967,1621,6,6,592
33,NetBIOS,0.996854,0.998314,0.989967,0.994123,1626,1,6,592
34,NetBIOS,0.991011,0.976898,0.989967,0.983389,1613,14,6,592
35,NetBIOS,0.995955,0.994958,0.989967,0.992456,1624,3,6,592
36,NetBIOS,0.996854,0.998314,0.989967,0.994123,1626,1,6,592
37,NetBIOS,0.990112,0.973684,0.989967,0.981758,1611,16,6,592
38,NetBIOS,0.991011,0.976898,0.989967,0.983389,1613,14,6,592
39,NetBIOS,0.988764,0.968903,0.989967,0.979322,1608,19,6,592
40,NetBIOS,0.995506,0.993289,0.989967,0.991625,1623,4,6,592
41,NetBIOS,0.996854,0.998314,0.989967,0.994123,1626,1,6,592
42,NetBIOS,0.994157,0.988314,0.989967,0.98914,1620,7,6,592
43,NetBIOS,0.996854,0.998314,0.989967,0.994123,1626,1,6,592
44,NetBIOS,0.994607,0.989967,0.989967,0.989967,1621,6,6,592
45,NetBIOS,0.995056,0.991625,0.989967,0.990795,1622,5,6,592
46,NetBIOS,0.996854,0.998314,0.989967,0.994123,1626,1,6,592
47,NetBIOS,0.988764,0.968903,0.989967,0.979322,1608,19,6,592
48,NetBIOS,0.996854,0.998314,0.989967,0.994123,1626,1,6,592
49,NetBIOS,0.988315,0.96732,0.989967,0.978512,1607,20,6,592
50,NetBIOS,0.994607,0.989967,0.989967,0.989967,1621,6,6,592
51,NetBIOS,0.994607,0.989967,0.989967,0.989967,1621,6,6,592
52,NetBIOS,0.996854,0.998314,0.989967,0.994123,1626,1,6,592
53,NetBIOS,0.996854,0.998314,0.989967,0.994123,1626,1,6,592
54,NetBIOS,0.996854,0.998314,0.989967,0.994123,1626,1,6,592
55,NetBIOS,0.994607,0.989967,0.989967,0.989967,1621,6,6,592
56,NetBIOS,0.996854,0.998314,0.989967,0.994123,1626,1,6,592
57,NetBIOS,0.995506,0.993289,0.989967,0.991625,1623,4,6,592
58,NetBIOS,0.991011,0.976898,0.989967,0.983389,1613,14,6,592
59,NetBIOS,0.996854,0.998314,0.989967,0.994123,1626,1,6,592
60,NetBIOS,0.988315,0.96732,0.989967,0.978512,1607,20,6,592
61,NetBIOS,0.996854,0.998314,0.989967,0.994123,1626,1,6,592
62,NetBIOS,0.996854,0.998314,0.989967,0.994123,1626,1,6,592
63,NetBIOS,0.996854,0.998314,0.989967,0.994123,1626,1,6,592
64,NetBIOS,0.996854,0.998314,0.989967,0.994123,1626,1,6,592
65,NetBIOS,0.996854,0.998314,0.989967,0.994123,1626,1,6,592
66,NetBIOS,0.994607,0.989967,0.989967,0.989967,1621,6,6,592
67,NetBIOS,0.994157,0.988314,0.989967,0.98914,1620,7,6,592
68,NetBIOS,0.991011,0.976898,0.989967,0.983389,1613,14,6,592
69,NetBIOS,0.994607,0.989967,0.989967,0.989967,1621,6,6,592
70,NetBIOS,0.996854,0.998314,0.989967,0.994123,1626,1,6,592
71,NetBIOS,0.991011,0.976898,0.989967,0.983389,1613,14,6,592
72,NetBIOS,0.989213,0.970492,0.989967,0.980132,1609,18,6,592
73,NetBIOS,0.996854,0.998314,0.989967,0.994123,1626,1,6,592
74,NetBIOS,0.991011,0.976898,0.989967,0.983389,1613,14,6,592
75,NetBIOS,0.994607,0.989967,0.989967,0.989967,1621,6,6,592
76,NetBIOS,0.996854,0.998314,0.989967,0.994123,1626,1,6,592
77,NetBIOS,0.996854,0.998314,0.989967,0.994123,1626,1,6,592
78,NetBIOS,0.988315,0.96732,0.989967,0.978512,1607,20,6,592
79,NetBIOS,0.996854,0.998314,0.989967,0.994123,1626,1,6,592
80,NetBIOS,0.993708,0.986667,0.989967,0.988314,1619,8,6,592
81,NetBIOS,0.996854,0.998314,0.989967,0.994123,1626,1,6,592
82,NetBIOS,0.994157,0.988314,0.989967,0.98914,1620,7,6,592
83,NetBIOS,0.996854,0.998314,0.989967,0.994123,1626,1,6,592
84,NetBIOS,0.990562,0.975288,0.989967,0.982573,1612,15,6,592
85,NetBIOS,0.991011,0.976898,0.989967,0.983389,1613,14,6,592
86,NetBIOS,0.995056,0.991625,0.989967,0.990795,1622,5,6,592
87,NetBIOS,0.991011,0.976898,0.989967,0.983389,1613,14,6,592
88,NetBIOS,0.991011,0.976898,0.989967,0.983389,1613,14,6,592
89,NetBIOS,0.995506,0.993289,0.989967,0.991625,1623,4,6,592
90,NetBIOS,0.989663,0.972085,0.989967,0.980944,1610,17,6,592
91,NetBIOS,0.996854,0.998314,0.989967,0.994123,1626,1,6,592
92,NetBIOS,0.995955,0.994958,0.989967,0.992456,1624,3,6,592
93,NetBIOS,0.988764,0.968903,0.989967,0.979322,1608,19,6,592
94,NetBIOS,0.996854,0.998314,0.989967,0.994123,1626,1,6,592
95,NetBIOS,0.996854,0.998314,0.989967,0.994123,1626,1,6,592
96,NetBIOS,0.994157,0.988314,0.989967,0.98914,1620,7,6,592
97,NetBIOS,0.996854,0.998314,0.989967,0.994123,1626,1,6,592
98,NetBIOS,0.996854,0.998314,0.989967,0.994123,1626,1,6,592
99,NetBIOS,0.995056,0.991625,0.989967,0.990795,1622,5,6,592
100,NetBIOS,0.995056,0.991625,0.989967,0.990795,1622,5,6,592
1,Syn,0.996692,0.99812,0.996248,0.997183,373,1,2,531
2,Syn,0.996692,0.99812,0.996248,0.997183,373,1,2,531
3,Syn,0.99559,0.996248,0.996248,0.996248,372,2,2,531
4,Syn,0.996692,0.99812,0.996248,0.997183,373,1,2,531
5,Syn,0.997795,0.996262,1.0,0.998127,372,2,0,533
6,Syn,0.997795,1.0,0.996248,0.99812,374,0,2,531
7,Syn,1.0,1.0,1.0,1.0,374,0,0,533
8,Syn,0.997795,0.996262,1.0,0.998127,372,2,0,533
9,Syn,0.998897,0.998127,1.0,0.999063,373,1,0,533
10,Syn,0.997795,1.0,0.996248,0.99812,374,0,2,531
11,Syn,0.996692,0.99812,0.996248,0.997183,373,1,2,531
12,Syn,0.99559,0.996248,0.996248,0.996248,372,2,2,531
13,Syn,0.996692,0.99812,0.996248,0.997183,373,1,2,531
14,Syn,0.998897,0.998127,1.0,0.999063,373,1,0,533
15,Syn,0.996692,0.99812,0.996248,0.997183,373,1,2,531
16,Syn,0.997795,0.996262,1.0,0.998127,372,2,0,533
17,Syn,0.99559,0.996248,0.996248,0.996248,372,2,2,531
18,Syn,0.997795,1.0,0.996248,0.99812,374,0,2,531
19,Syn,0.997795,1.0,0.996248,0.99812,374,0,2,531
20,Syn,0.998897,0.998127,1.0,0.999063,373,1,0,533
21,Syn,0.996692,0.99812,0.996248,0.997183,373,1,2,531
22,Syn,0.997795,1.0,0.996248,0.99812,374,0,2,531
23,Syn,0.997795,0.996262,1.0,0.998127,372,2,0,533
24,Syn,0.996692,0.99812,0.996248,0.997183,373,1,2,531
25,Syn,0.997795,0.996262,1.0,0.998127,372,2,0,533
26,Syn,0.996692,0.99812,0.996248,0.997183,373,1,2,531
27,Syn,0.997795,0.996262,1.0,0.998127,372,2,0,533
28,Syn,0.997795,0.996262,1.0,0.998127,372,2,0,533
29,Syn,0.997795,0.996262,1.0,0.998127,372,2,0,533
30,Syn,0.996692,0.99812,0.996248,0.997183,373,1,2,531
31,Syn,0.996692,0.99812,0.996248,0.997183,373,1,2,531
32,Syn,0.99559,0.996248,0.996248,0.996248,372,2,2,531
33,Syn,0.997795,0.996262,1.0,0.998127,372,2,0,533
34,Syn,0.994487,0.996241,0.994371,0.995305,372,2,3,530
35,Syn,0.996692,0.99812,0.996248,0.997183,373,1,2,531
36,Syn,0.998897,0.998127,1.0,0.999063,373,1,0,533
37,Syn,0.998897,0.998127,1.0,0.999063,373,1,0,533
38,Syn,0.996692,0.99812,0.996248,0.997183,373,1,2,531
39,Syn,0.99559,0.996248,0.996248,0.996248,372,2,2,531
40,Syn,0.996692,0.99812,0.996248,0.997183,373,1,2,531
41,Syn,0.99559,0.996248,0.996248,0.996248,372,2,2,531
42,Syn,1.0,1.0,1.0,1.0,374,0,0,533
43,Syn,0.998897,0.998127,1.0,0.999063,373,1,0,533
44,Syn,0.996692,0.994403,1.0,0.997194,371,3,0,533
45,Syn,0.997795,0.996262,1.0,0.998127,372,2,0,533
46,Syn,0.997795,0.996262,1.0,0.998127,372,2,0,533
47,Syn,0.996692,0.99812,0.996248,0.997183,373,1,2,531
48,Syn,0.99559,0.996248,0.996248,0.996248,372,2,2,531
49,Syn,0.997795,0.996262,1.0,0.998127,372,2,0,533
50,Syn,0.996692,0.99812,0.996248,0.997183,373,1,2,531
51,Syn,0.997795,0.996262,1.0,0.998127,372,2,0,533
52,Syn,0.99559,0.996248,0.996248,0.996248,372,2,2,531
53,Syn,0.996692,0.99812,0.996248,0.997183,373,1,2,531
54,Syn,0.998897,0.998127,1.0,0.999063,373,1,0,533
55,Syn,0.996692,0.99812,0.996248,0.997183,373,1,2,531
56,Syn,0.997795,0.996262,1.0,0.998127,372,2,0,533
57,Syn,0.99559,0.996248,0.996248,0.996248,372,2,2,531
58,Syn,0.997795,1.0,0.996248,0.99812,374,0,2,531
59,Syn,0.997795,0.996262,1.0,0.998127,372,2,0,533
60,Syn,0.996692,0.99812,0.996248,0.997183,373,1,2,531
61,Syn,0.997795,0.996262,1.0,0.998127,372,2,0,533
62,Syn,0.996692,0.99812,0.996248,0.997183,373,1,2,531
63,Syn,0.997795,0.996262,1.0,0.998127,372,2,0,533
64,Syn,0.997795,1.0,0.996248,0.99812,374,0,2,531
65,Syn,0.998897,0.998127,1.0,0.999063,373,1,0,533
66,Syn,0.997795,1.0,0.996248,0.99812,374,0,2,531
67,Syn,0.998897,0.998127,1.0,0.999063,373,1,0,533
68,Syn,0.996692,0.99812,0.996248,0.997183,373,1,2,531
69,Syn,0.997795,1.0,0.996248,0.99812,374,0,2,531
70,Syn,0.99559,0.996248,0.996248,0.996248,372,2,2,531
71,Syn,0.997795,0.996262,1.0,0.998127,372,2,0,533
72,Syn,1.0,1.0,1.0,1.0,374,0,0,533
73,Syn,0.996692,0.99812,0.996248,0.997183,373,1,2,531
74,Syn,0.997795,0.996262,1.0,0.998127,372,2,0,533
75,Syn,0.996692,0.99812,0.996248,0.997183,373,1,2,531
76,Syn,0.996692,0.99812,0.996248,0.997183,373,1,2,531
77,Syn,0.997795,0.996262,1.0,0.998127,372,2,0,533
78,Syn,0.997795,0.996262,1.0,0.998127,372,2,0,533
79,Syn,0.99559,0.996248,0.996248,0.996248,372,2,2,531
80,Syn,0.996692,0.994403,1.0,0.997194,371,3,0,533
81,Syn,0.997795,0.996262,1.0,0.998127,372,2,0,533
82,Syn,0.99559,0.996248,0.996248,0.996248,372,2,2,531
83,Syn,0.996692,0.994403,1.0,0.997194,371,3,0,533
84,Syn,0.996692,0.99812,0.996248,0.997183,373,1,2,531
85,Syn,0.997795,0.996262,1.0,0.998127,372,2,0,533
86,Syn,0.99559,0.996248,0.996248,0.996248,372,2,2,531
87,Syn,0.998897,0.998127,1.0,0.999063,373,1,0,533
88,Syn,0.997795,0.996262,1.0,0.998127,372,2,0,533
89,Syn,0.997795,0.996262,1.0,0.998127,372,2,0,533
90,Syn,0.996692,0.99812,0.996248,0.997183,373,1,2,531
91,Syn,0.998897,0.998127,1.0,0.999063,373,1,0,533
92,Syn,0.996692,0.99812,0.996248,0.997183,373,1,2,531
93,Syn,0.99559,0.996248,0.996248,0.996248,372,2,2,531
94,Syn,0.996692,0.994403,1.0,0.997194,371,3,0,533
95,Syn,0.997795,1.0,0.996248,0.99812,374,0,2,531
96,Syn,0.99559,0.996248,0.996248,0.996248,372,2,2,531
97,Syn,0.996692,0.99812,0.996248,0.997183,373,1,2,531
98,Syn,0.996692,0.99812,0.996248,0.997183,373,1,2,531
99,Syn,0.99559,0.996248,0.996248,0.996248,372,2,2,531
100,Syn,0.99559,0.996248,0.996248,0.996248,372,2,2,531
1,UDP,0.999358,1.0,0.999232,0.999616,2042,0,8,10412
2,UDP,0.999358,1.0,0.999232,0.999616,2042,0,8,10412
3,UDP,0.999358,1.0,0.999232,0.999616,2042,0,8,10412
4,UDP,0.999358,1.0,0.999232,0.999616,2042,0,8,10412
5,UDP,0.999358,1.0,0.999232,0.999616,2042,0,8,10412
6,UDP,0.999358,1.0,0.999232,0.999616,2042,0,8,10412
7,UDP,0.999358,1.0,0.999232,0.999616,2042,0,8,10412
8,UDP,0.999358,1.0,0.999232,0.999616,2042,0,8,10412
9,UDP,0.999358,1.0,0.999232,0.999616,2042,0,8,10412
10,UDP,0.999358,1.0,0.999232,0.999616,2042,0,8,10412
11,UDP,0.999358,1.0,0.999232,0.999616,2042,0,8,10412
12,UDP,0.999358,1.0,0.999232,0.999616,2042,0,8,10412
13,UDP,0.999358,1.0,0.999232,0.999616,2042,0,8,10412
14,UDP,0.999358,1.0,0.999232,0.999616,2042,0,8,10412
15,UDP,0.999358,1.0,0.999232,0.999616,2042,0,8,10412
16,UDP,0.999358,1.0,0.999232,0.999616,2042,0,8,10412
17,UDP,0.999358,1.0,0.999232,0.999616,2042,0,8,10412
18,UDP,0.999358,1.0,0.999232,0.999616,2042,0,8,10412
19,UDP,0.999358,1.0,0.999232,0.999616,2042,0,8,10412
20,UDP,0.999358,1.0,0.999232,0.999616,2042,0,8,10412
21,UDP,0.999358,1.0,0.999232,0.999616,2042,0,8,10412
22,UDP,0.999358,1.0,0.999232,0.999616,2042,0,8,10412
23,UDP,0.999358,1.0,0.999232,0.999616,2042,0,8,10412
24,UDP,0.999358,1.0,0.999232,0.999616,2042,0,8,10412
25,UDP,0.999358,1.0,0.999232,0.999616,2042,0,8,10412
26,UDP,0.999358,1.0,0.999232,0.999616,2042,0,8,10412
27,UDP,0.999358,1.0,0.999232,0.999616,2042,0,8,10412
28,UDP,0.999358,1.0,0.999232,0.999616,2042,0,8,10412
29,UDP,0.999358,1.0,0.999232,0.999616,2042,0,8,10412
30,UDP,0.999358,1.0,0.999232,0.999616,2042,0,8,10412
31,UDP,0.999358,1.0,0.999232,0.999616,2042,0,8,10412
32,UDP,0.999358,1.0,0.999232,0.999616,2042,0,8,10412
33,UDP,0.999358,1.0,0.999232,0.999616,2042,0,8,10412
34,UDP,0.999358,1.0,0.999232,0.999616,2042,0,8,10412
35,UDP,0.999358,1.0,0.999232,0.999616,2042,0,8,10412
36,UDP,0.999358,1.0,0.999232,0.999616,2042,0,8,10412
37,UDP,0.999358,1.0,0.999232,0.999616,2042,0,8,10412
38,UDP,0.999358,1.0,0.999232,0.999616,2042,0,8,10412
39,UDP,0.999358,1.0,0.999232,0.999616,2042,0,8,10412
40,UDP,0.999358,1.0,0.999232,0.999616,2042,0,8,10412
41,UDP,0.999358,1.0,0.999232,0.999616,2042,0,8,10412
42,UDP,0.999358,1.0,0.999232,0.999616,2042,0,8,10412
43,UDP,0.999358,1.0,0.999232,0.999616,2042,0,8,10412
44,UDP,0.999358,1.0,0.999232,0.999616,2042,0,8,10412
45,UDP,0.999358,1.0,0.999232,0.999616,2042,0,8,10412
46,UDP,0.999358,1.0,0.999232,0.999616,2042,0,8,10412
47,UDP,0.999358,1.0,0.999232,0.999616,2042,0,8,10412
48,UDP,0.999358,1.0,0.999232,0.999616,2042,0,8,10412
49,UDP,0.999358,1.0,0.999232,0.999616,2042,0,8,10412
50,UDP,0.999358,1.0,0.999232,0.999616,2042,0,8,10412
51,UDP,0.999358,1.0,0.999232,0.999616,2042,0,8,10412
52,UDP,0.999358,1.0,0.999232,0.999616,2042,0,8,10412
53,UDP,0.999358,1.0,0.999232,0.999616,2042,0,8,10412
54,UDP,0.999358,1.0,0.999232,0.999616,2042,0,8,10412
55,UDP,0.999358,1.0,0.999232,0.999616,2042,0,8,10412
56,UDP,0.999358,1.0,0.999232,0.999616,2042,0,8,10412
57,UDP,0.999358,1.0,0.999232,0.999616,2042,0,8,10412
58,UDP,0.999358,1.0,0.999232,0.999616,2042,0,8,10412
59,UDP,0.999358,1.0,0.999232,0.999616,2042,0,8,10412
60,UDP,0.999358,1.0,0.999232,0.999616,2042,0,8,10412
61,UDP,0.999358,1.0,0.999232,0.999616,2042,0,8,10412
62,UDP,0.999358,1.0,0.999232,0.999616,2042,0,8,10412
63,UDP,0.999358,1.0,0.999232,0.999616,2042,0,8,10412
64,UDP,0.999358,1.0,0.999232,0.999616,2042,0,8,10412
65,UDP,0.999358,1.0,0.999232,0.999616,2042,0,8,10412
66,UDP,0.999358,1.0,0.999232,0.999616,2042,0,8,10412
67,UDP,0.999358,1.0,0.999232,0.999616,2042,0,8,10412
68,UDP,0.999358,1.0,0.999232,0.999616,2042,0,8,10412
69,UDP,0.999358,1.0,0.999232,0.999616,2042,0,8,10412
70,UDP,0.999358,1.0,0.999232,0.999616,2042,0,8,10412
71,UDP,0.999358,1.0,0.999232,0.999616,2042,0,8,10412
72,UDP,0.999358,1.0,0.999232,0.999616,2042,0,8,10412
73,UDP,0.999358,1.0,0.999232,0.999616,2042,0,8,10412
74,UDP,0.999358,1.0,0.999232,0.999616,2042,0,8,10412
75,UDP,0.999358,1.0,0.999232,0.999616,2042,0,8,10412
76,UDP,0.999358,1.0,0.999232,0.999616,2042,0,8,10412
77,UDP,0.999358,1.0,0.999232,0.999616,2042,0,8,10412
78,UDP,0.999358,1.0,0.999232,0.999616,2042,0,8,10412
79,UDP,0.999358,1.0,0.999232,0.999616,2042,0,8,10412
80,UDP,0.999358,1.0,0.999232,0.999616,2042,0,8,10412
81,UDP,0.999358,1.0,0.999232,0.999616,2042,0,8,10412
82,UDP,0.999358,1.0,0.999232,0.999616,2042,0,8,10412
83,UDP,0.999358,1.0,0.999232,0.999616,2042,0,8,10412
84,UDP,0.999358,1.0,0.999232,0.999616,2042,0,8,10412
85,UDP,0.999358,1.0,0.999232,0.999616,2042,0,8,10412
86,UDP,0.999358,1.0,0.999232,0.999616,2042,0,8,10412
87,UDP,0.999358,1.0,0.999232,0.999616,2042,0,8,10412
88,UDP,0.999358,1.0,0.999232,0.999616,2042,0,8,10412
89,UDP,0.999358,1.0,0.999232,0.999616,2042,0,8,10412
90,UDP,0.999358,1.0,0.999232,0.999616,2042,0,8,10412
91,UDP,0.999358,1.0,0.999232,0.999616,2042,0,8,10412
92,UDP,0.999358,1.0,0.999232,0.999616,2042,0,8,10412
93,UDP,0.999358,1.0,0.999232,0.999616,2042,0,8,10412
94,UDP,0.999358,1.0,0.999232,0.999616,2042,0,8,10412
95,UDP,0.999358,1.0,0.999232,0.999616,2042,0,8,10412
96,UDP,0.999358,1.0,0.999232,0.999616,2042,0,8,10412
97,UDP,0.999358,1.0,0.999232,0.999616,2042,0,8,10412
98,UDP,0.999358,1.0,0.999232,0.999616,2042,0,8,10412
99,UDP,0.999358,1.0,0.999232,0.999616,2042,0,8,10412
100,UDP,0.999358,1.0,0.999232,0.999616,2042,0,8,10412
1,UDPLag,0.990614,0.999546,0.987336,0.993404,3538,4,113,8810
2,UDPLag,0.98917,0.999545,0.985319,0.992381,3538,4,131,8792
3,UDPLag,0.990774,0.999546,0.98756,0.993517,3538,4,111,8812
4,UDPLag,0.990854,0.99966,0.98756,0.993573,3539,3,111,8812
5,UDPLag,0.988608,0.999431,0.984646,0.991984,3537,5,137,8786
6,UDPLag,0.988608,0.999431,0.984646,0.991984,3537,5,137,8786
7,UDPLag,0.989009,0.998978,0.985655,0.992272,3533,9,128,8795
8,UDPLag,0.988849,0.999545,0.984871,0.992154,3538,4,135,8788
9,UDPLag,0.990614,0.999546,0.987336,0.993404,3538,4,113,8810
10,UDPLag,0.989089,0.999432,0.985319,0.992325,3537,5,131,8792
11,UDPLag,0.990774,0.999546,0.98756,0.993517,3538,4,111,8812
12,UDPLag,0.990694,0.999546,0.987448,0.99346,3538,4,112,8811
13,UDPLag,0.98933,0.999432,0.985655,0.992496,3537,5,128,8795
14,UDPLag,0.990694,0.999433,0.98756,0.993461,3537,5,111,8812
15,UDPLag,0.989089,0.999545,0.985207,0.992324,3538,4,132,8791
16,UDPLag,0.988608,0.999431,0.984646,0.991984,3537,5,137,8786
17,UDPLag,0.990854,0.999433,0.987784,0.993575,3537,5,109,8814
18,UDPLag,0.990694,0.999433,0.98756,0.993461,3537,5,111,8812
19,UDPLag,0.988528,0.999545,0.984422,0.991926,3538,4,139,8784
20,UDPLag,0.989089,0.999545,0.985207,0.992324,3538,4,132,8791
21,UDPLag,0.988929,0.999545,0.984983,0.99221,3538,4,134,8789
22,UDPLag,0.990533,0.999319,0.987448,0.993348,3536,6,112,8811
23,UDPLag,0.990453,0.999546,0.987112,0.99329,3538,4,115,8808
24,UDPLag,0.989089,0.999659,0.985095,0.992323,3539,3,133,8790
25,UDPLag,0.990614,0.999546,0.987336,0.993404,3538,4,113,8810
26,UDPLag,0.988849,0.999431,0.984983,0.992154,3537,5,134,8789
27,UDPLag,0.990533,0.99966,0.987112,0.993346,3539,3,115,8808
28,UDPLag,0.988929,0.999431,0.985095,0.992211,3537,5,133,8790
29,UDPLag,0.989009,0.999545,0.985095,0.992267,3538,4,133,8790
30,UDPLag,0.990774,0.999546,0.98756,0.993517,3538,4,111,8812
31,UDPLag,0.989009,0.999545,0.985095,0.992267,3538,4,133,8790
32,UDPLag,0.988688,0.999318,0.984871,0.992042,3536,6,135,8788
33,UDPLag,0.990453,0.999546,0.987112,0.99329,3538,4,115,8808
34,UDPLag,0.989089,0.999659,0.985095,0.992323,3539,3,133,8790
35,UDPLag,0.990373,0.999433,0.987112,0.993234,3537,5,115,8808
36,UDPLag,0.988849,0.999318,0.985095,0.992155,3536,6,133,8790
37,UDPLag,0.988608,0.999431,0.984646,0.991984,3537,5,137,8786
38,UDPLag,0.988688,0.999545,0.984646,0.99204,3538,4,137,8786
39,UDPLag,0.990293,0.999319,0.987112,0.993178,3536,6,115,8808
40,UDPLag,0.98933,0.999432,0.985655,0.992496,3537,5,128,8795
41,UDPLag,0.988929,0.999431,0.985095,0.992211,3537,5,133,8790
42,UDPLag,0.989009,0.999545,0.985095,0.992267,3538,4,133,8790
43,UDPLag,0.989009,0.999545,0.985095,0.992267,3538,4,133,8790
44,UDPLag,0.990533,0.999546,0.987224,0.993347,3538,4,114,8809
45,UDPLag,0.988608,0.999545,0.984534,0.991983,3538,4,138,8785
46,UDPLag,0.989009,0.999545,0.985095,0.992267,3538,4,133,8790
47,UDPLag,0.988608,0.999431,0.984646,0.991984,3537,5,137,8786
48,UDPLag,0.988688,0.999545,0.984646,0.99204,3538,4,137,8786
49,UDPLag,0.988769,0.999431,0.984871,0.992098,3537,5,135,8788
50,UDPLag,0.990614,0.999433,0.987448,0.993404,3537,5,112,8811
51,UDPLag,0.990854,0.999773,0.987448,0.993572,3540,2,112,8811
52,UDPLag,0.991015,0.99966,0.987784,0.993687,3539,3,109,8814
53,UDPLag,0.989009,0.999432,0.985207,0.992268,3537,5,132,8791
54,UDPLag,0.990935,0.999773,0.98756,0.993629,3540,2,111,8812
55,UDPLag,0.988849,0.999431,0.984983,0.992154,3537,5,134,8789
56,UDPLag,0.990694,0.999433,0.98756,0.993461,3537,5,111,8812
57,UDPLag,0.990774,0.999546,0.98756,0.993517,3538,4,111,8812
58,UDPLag,0.988688,0.999545,0.984646,0.99204,3538,4,137,8786
59,UDPLag,0.988929,0.999545,0.984983,0.99221,3538,4,134,8789
60,UDPLag,0.988367,0.999317,0.984422,0.991814,3536,6,139,8784
61,UDPLag,0.988448,0.999431,0.984422,0.99187,3537,5,139,8784
62,UDPLag,0.988929,0.999431,0.985095,0.992211,3537,5,133,8790
63,UDPLag,0.989009,0.999545,0.985095,0.992267,3538,4,133,8790
64,UDPLag,0.988849,0.999431,0.984983,0.992154,3537,5,134,8789
65,UDPLag,0.990373,0.999433,0.987112,0.993234,3537,5,115,8808
66,UDPLag,0.988849,0.999318,0.985095,0.992155,3536,6,133,8790
67,UDPLag,0.98917,0.999545,0.985319,0.992381,3538,4,131,8792
68,UDPLag,0.990614,0.999546,0.987336,0.993404,3538,4,113,8810
69,UDPLag,0.988367,0.999431,0.98431,0.991813,3537,5,140,8783
70,UDPLag,0.990614,0.999546,0.987336,0.993404,3538,4,113,8810
71,UDPLag,0.990453,0.999546,0.987112,0.99329,3538,4,115,8808
72,UDPLag,0.988287,0.999545,0.984086,0.991755,3538,4,142,8781
73,UDPLag,0.988849,0.999545,0.984871,0.992154,3538,4,135,8788
74,UDPLag,0.988688,0.999545,0.984646,0.99204,3538,4,137,8786
75,UDPLag,0.990453,0.999546,0.987112,0.99329,3538,4,115,8808
76,UDPLag,0.990774,0.999433,0.987672,0.993518,3537,5,110,8813
77,UDPLag,0.98933,0.999545,0.985543,0.992495,3538,4,129,8794
78,UDPLag,0.990453,0.999433,0.987224,0.993291,3537,5,114,8809
79,UDPLag,0.98917,0.999545,0.985319,0.992381,3538,4,131,8792
80,UDPLag,0.990453,0.999546,0.987112,0.99329,3538,4,115,8808
81,UDPLag,0.988929,0.999545,0.984983,0.99221,3538,4,134,8789
82,UDPLag,0.990694,0.999433,0.98756,0.993461,3537,5,111,8812
83,UDPLag,0.990774,0.999546,0.98756,0.993517,3538,4,111,8812
84,UDPLag,0.990854,0.99966,0.98756,0.993573,3539,3,111,8812
85,UDPLag,0.989089,0.999659,0.985095,0.992323,3539,3,133,8790
86,UDPLag,0.988608,0.999431,0.984646,0.991984,3537,5,137,8786
87,UDPLag,0.988528,0.999431,0.984534,0.991927,3537,5,138,8785
88,UDPLag,0.988769,0.999545,0.984758,0.992097,3538,4,136,8787
89,UDPLag,0.990694,0.999546,0.987448,0.99346,3538,4,112,8811
90,UDPLag,0.990614,0.999433,0.987448,0.993404,3537,5,112,8811
91,UDPLag,0.988608,0.999431,0.984646,0.991984,3537,5,137,8786
92,UDPLag,0.988929,0.999431,0.985095,0.992211,3537,5,133,8790
93,UDPLag,0.990614,0.999546,0.987336,0.993404,3538,4,113,8810
94,UDPLag,0.990774,0.999546,0.98756,0.993517,3538,4,111,8812
95,UDPLag,0.990774,0.99966,0.987448,0.993516,3539,3,112,8811
96,UDPLag,0.988929,0.999545,0.984983,0.99221,3538,4,134,8789
97,UDPLag,0.98925,0.999545,0.985431,0.992438,3538,4,130,8793
98,UDPLag,0.988528,0.999318,0.984646,0.991928,3536,6,137,8786
99,UDPLag,0.990774,0.999546,0.98756,0.993517,3538,4,111,8812
100,UDPLag,0.988929,0.999545,0.984983,0.99221,3538,4,134,8789
