Iteration,Attack/File,Accuracy,Precision,Recall,F1,TN,FP,FN,TP
1,LDAP,0.997881,0.999304,0.996528,0.997914,1390,1,5,1435
1,MSSQL,0.999505,1.0,0.999356,0.999678,1871,0,4,6208
1,NetBIOS,0.991461,0.972268,0.996656,0.98431,1610,17,2,596
1,Syn,0.998897,0.998127,1.0,0.999063,373,1,0,533
1,UDP,0.999278,1.0,0.999136,0.999568,2042,0,9,10411
1,UDPLag,0.990293,0.999773,0.986664,0.993175,3540,2,119,8804
2,LDAP,0.997881,0.999304,0.996528,0.997914,1390,1,5,1435
2,MSSQL,0.999505,1.0,0.999356,0.999678,1871,0,4,6208
2,NetBIOS,0.991461,0.972268,0.996656,0.98431,1610,17,2,596
2,Syn,0.998897,0.998127,1.0,0.999063,373,1,0,533
2,UDP,0.999278,1.0,0.999136,0.999568,2042,0,9,10411
2,UDPLag,0.990293,0.999773,0.986664,0.993175,3540,2,119,8804
3,LDAP,0.997881,0.999304,0.996528,0.997914,1390,1,5,1435
3,MSSQL,0.999505,1.0,0.999356,0.999678,1871,0,4,6208
3,NetBIOS,0.991461,0.972268,0.996656,0.98431,1610,17,2,596
3,Syn,0.998897,0.998127,1.0,0.999063,373,1,0,533
3,UDP,0.999278,1.0,0.999136,0.999568,2042,0,9,10411
3,UDPLag,0.990293,0.999773,0.986664,0.993175,3540,2,119,8804
4,LDAP,0.997881,0.999304,0.996528,0.997914,1390,1,5,1435
4,MSSQL,0.999505,1.0,0.999356,0.999678,1871,0,4,6208
4,NetBIOS,0.991461,0.972268,0.996656,0.98431,1610,17,2,596
4,Syn,0.998897,0.998127,1.0,0.999063,373,1,0,533
4,UDP,0.999278,1.0,0.999136,0.999568,2042,0,9,10411
4,UDPLag,0.990293,0.999773,0.986664,0.993175,3540,2,119,8804
5,LDAP,0.997881,0.999304,0.996528,0.997914,1390,1,5,1435
5,MSSQL,0.999505,1.0,0.999356,0.999678,1871,0,4,6208
5,NetBIOS,0.991461,0.972268,0.996656,0.98431,1610,17,2,596
5,Syn,0.998897,0.998127,1.0,0.999063,373,1,0,533
5,UDP,0.999278,1.0,0.999136,0.999568,2042,0,9,10411
5,UDPLag,0.990293,0.999773,0.986664,0.993175,3540,2,119,8804
6,LDAP,0.997881,0.999304,0.996528,0.997914,1390,1,5,1435
6,MSSQL,0.999505,1.0,0.999356,0.999678,1871,0,4,6208
6,NetBIOS,0.991461,0.972268,0.996656,0.98431,1610,17,2,596
6,Syn,0.998897,0.998127,1.0,0.999063,373,1,0,533
6,UDP,0.999278,1.0,0.999136,0.999568,2042,0,9,10411
6,UDPLag,0.990293,0.999773,0.986664,0.993175,3540,2,119,8804
7,LDAP,0.997881,0.999304,0.996528,0.997914,1390,1,5,1435
7,MSSQL,0.999505,1.0,0.999356,0.999678,1871,0,4,6208
7,NetBIOS,0.991461,0.972268,0.996656,0.98431,1610,17,2,596
7,Syn,0.998897,0.998127,1.0,0.999063,373,1,0,533
7,UDP,0.999278,1.0,0.999136,0.999568,2042,0,9,10411
7,UDPLag,0.990293,0.999773,0.986664,0.993175,3540,2,119,8804
8,LDAP,0.997881,0.999304,0.996528,0.997914,1390,1,5,1435
8,MSSQL,0.999505,1.0,0.999356,0.999678,1871,0,4,6208
8,NetBIOS,0.991461,0.972268,0.996656,0.98431,1610,17,2,596
8,Syn,0.998897,0.998127,1.0,0.999063,373,1,0,533
8,UDP,0.999278,1.0,0.999136,0.999568,2042,0,9,10411
8,UDPLag,0.990293,0.999773,0.986664,0.993175,3540,2,119,8804
9,LDAP,0.997881,0.999304,0.996528,0.997914,1390,1,5,1435
9,MSSQL,0.999505,1.0,0.999356,0.999678,1871,0,4,6208
9,NetBIOS,0.991461,0.972268,0.996656,0.98431,1610,17,2,596
9,Syn,0.998897,0.998127,1.0,0.999063,373,1,0,533
9,UDP,0.999278,1.0,0.999136,0.999568,2042,0,9,10411
9,UDPLag,0.990293,0.999773,0.986664,0.993175,3540,2,119,8804
10,LDAP,0.997881,0.999304,0.996528,0.997914,1390,1,5,1435
10,MSSQL,0.999505,1.0,0.999356,0.999678,1871,0,4,6208
10,NetBIOS,0.991461,0.972268,0.996656,0.98431,1610,17,2,596
10,Syn,0.998897,0.998127,1.0,0.999063,373,1,0,533
10,UDP,0.999278,1.0,0.999136,0.999568,2042,0,9,10411
10,UDPLag,0.990293,0.999773,0.986664,0.993175,3540,2,119,8804
11,LDAP,0.997881,0.999304,0.996528,0.997914,1390,1,5,1435
11,MSSQL,0.999505,1.0,0.999356,0.999678,1871,0,4,6208
11,NetBIOS,0.991461,0.972268,0.996656,0.98431,1610,17,2,596
11,Syn,0.998897,0.998127,1.0,0.999063,373,1,0,533
11,UDP,0.999278,1.0,0.999136,0.999568,2042,0,9,10411
11,UDPLag,0.990293,0.999773,0.986664,0.993175,3540,2,119,8804
12,LDAP,0.997881,0.999304,0.996528,0.997914,1390,1,5,1435
12,MSSQL,0.999505,1.0,0.999356,0.999678,1871,0,4,6208
12,NetBIOS,0.991461,0.972268,0.996656,0.98431,1610,17,2,596
12,Syn,0.998897,0.998127,1.0,0.999063,373,1,0,533
12,UDP,0.999278,1.0,0.999136,0.999568,2042,0,9,10411
12,UDPLag,0.990293,0.999773,0.986664,0.993175,3540,2,119,8804
13,LDAP,0.997881,0.999304,0.996528,0.997914,1390,1,5,1435
13,MSSQL,0.999505,1.0,0.999356,0.999678,1871,0,4,6208
13,NetBIOS,0.991461,0.972268,0.996656,0.98431,1610,17,2,596
13,Syn,0.998897,0.998127,1.0,0.999063,373,1,0,533
13,UDP,0.999278,1.0,0.999136,0.999568,2042,0,9,10411
13,UDPLag,0.990293,0.999773,0.986664,0.993175,3540,2,119,8804
14,LDAP,0.997881,0.999304,0.996528,0.997914,1390,1,5,1435
14,MSSQL,0.999505,1.0,0.999356,0.999678,1871,0,4,6208
14,NetBIOS,0.991461,0.972268,0.996656,0.98431,1610,17,2,596
14,Syn,0.998897,0.998127,1.0,0.999063,373,1,0,533
14,UDP,0.999278,1.0,0.999136,0.999568,2042,0,9,10411
14,UDPLag,0.990293,0.999773,0.986664,0.993175,3540,2,119,8804
15,LDAP,0.997881,0.999304,0.996528,0.997914,1390,1,5,1435
15,MSSQL,0.999505,1.0,0.999356,0.999678,1871,0,4,6208
15,NetBIOS,0.991461,0.972268,0.996656,0.98431,1610,17,2,596
15,Syn,0.998897,0.998127,1.0,0.999063,373,1,0,533
15,UDP,0.999278,1.0,0.999136,0.999568,2042,0,9,10411
15,UDPLag,0.990293,0.999773,0.986664,0.993175,3540,2,119,8804
16,LDAP,0.997881,0.999304,0.996528,0.997914,1390,1,5,1435
16,MSSQL,0.999505,1.0,0.999356,0.999678,1871,0,4,6208
16,NetBIOS,0.991461,0.972268,0.996656,0.98431,1610,17,2,596
16,Syn,0.998897,0.998127,1.0,0.999063,373,1,0,533
16,UDP,0.999278,1.0,0.999136,0.999568,2042,0,9,10411
16,UDPLag,0.990293,0.999773,0.986664,0.993175,3540,2,119,8804
17,LDAP,0.997881,0.999304,0.996528,0.997914,1390,1,5,1435
17,MSSQL,0.999505,1.0,0.999356,0.999678,1871,0,4,6208
17,NetBIOS,0.991461,0.972268,0.996656,0.98431,1610,17,2,596
17,Syn,0.998897,0.998127,1.0,0.999063,373,1,0,533
17,UDP,0.999278,1.0,0.999136,0.999568,2042,0,9,10411
17,UDPLag,0.990293,0.999773,0.986664,0.993175,3540,2,119,8804
18,LDAP,0.997881,0.999304,0.996528,0.997914,1390,1,5,1435
18,MSSQL,0.999505,1.0,0.999356,0.999678,1871,0,4,6208
18,NetBIOS,0.991461,0.972268,0.996656,0.98431,1610,17,2,596
18,Syn,0.998897,0.998127,1.0,0.999063,373,1,0,533
18,UDP,0.999278,1.0,0.999136,0.999568,2042,0,9,10411
18,UDPLag,0.990293,0.999773,0.986664,0.993175,3540,2,119,8804
19,LDAP,0.997881,0.999304,0.996528,0.997914,1390,1,5,1435
19,MSSQL,0.999505,1.0,0.999356,0.999678,1871,0,4,6208
19,NetBIOS,0.991461,0.972268,0.996656,0.98431,1610,17,2,596
19,Syn,0.998897,0.998127,1.0,0.999063,373,1,0,533
19,UDP,0.999278,1.0,0.999136,0.999568,2042,0,9,10411
19,UDPLag,0.990293,0.999773,0.986664,0.993175,3540,2,119,8804
20,LDAP,0.997881,0.999304,0.996528,0.997914,1390,1,5,1435
20,MSSQL,0.999505,1.0,0.999356,0.999678,1871,0,4,6208
20,NetBIOS,0.991461,0.972268,0.996656,0.98431,1610,17,2,596
20,Syn,0.998897,0.998127,1.0,0.999063,373,1,0,533
20,UDP,0.999278,1.0,0.999136,0.999568,2042,0,9,10411
20,UDPLag,0.990293,0.999773,0.986664,0.993175,3540,2,119,8804
21,LDAP,0.997881,0.999304,0.996528,0.997914,1390,1,5,1435
21,MSSQL,0.999505,1.0,0.999356,0.999678,1871,0,4,6208
21,NetBIOS,0.991461,0.972268,0.996656,0.98431,1610,17,2,596
21,Syn,0.998897,0.998127,1.0,0.999063,373,1,0,533
21,UDP,0.999278,1.0,0.999136,0.999568,2042,0,9,10411
21,UDPLag,0.990293,0.999773,0.986664,0.993175,3540,2,119,8804
22,LDAP,0.997881,0.999304,0.996528,0.997914,1390,1,5,1435
22,MSSQL,0.999505,1.0,0.999356,0.999678,1871,0,4,6208
22,NetBIOS,0.991461,0.972268,0.996656,0.98431,1610,17,2,596
22,Syn,0.998897,0.998127,1.0,0.999063,373,1,0,533
22,UDP,0.999278,1.0,0.999136,0.999568,2042,0,9,10411
22,UDPLag,0.990293,0.999773,0.986664,0.993175,3540,2,119,8804
23,LDAP,0.997881,0.999304,0.996528,0.997914,1390,1,5,1435
23,MSSQL,0.999505,1.0,0.999356,0.999678,1871,0,4,6208
23,NetBIOS,0.991461,0.972268,0.996656,0.98431,1610,17,2,596
23,Syn,0.998897,0.998127,1.0,0.999063,373,1,0,533
23,UDP,0.999278,1.0,0.999136,0.999568,2042,0,9,10411
23,UDPLag,0.990293,0.999773,0.986664,0.993175,3540,2,119,8804
24,LDAP,0.997881,0.999304,0.996528,0.997914,1390,1,5,1435
24,MSSQL,0.999505,1.0,0.999356,0.999678,1871,0,4,6208
24,NetBIOS,0.991461,0.972268,0.996656,0.98431,1610,17,2,596
24,Syn,0.998897,0.998127,1.0,0.999063,373,1,0,533
24,UDP,0.999278,1.0,0.999136,0.999568,2042,0,9,10411
24,UDPLag,0.990293,0.999773,0.986664,0.993175,3540,2,119,8804
25,LDAP,0.997881,0.999304,0.996528,0.997914,1390,1,5,1435
25,MSSQL,0.999505,1.0,0.999356,0.999678,1871,0,4,6208
25,NetBIOS,0.991461,0.972268,0.996656,0.98431,1610,17,2,596
25,Syn,0.998897,0.998127,1.0,0.999063,373,1,0,533
25,UDP,0.999278,1.0,0.999136,0.999568,2042,0,9,10411
25,UDPLag,0.990293,0.999773,0.986664,0.993175,3540,2,119,8804
26,LDAP,0.997881,0.999304,0.996528,0.997914,1390,1,5,1435
26,MSSQL,0.999505,1.0,0.999356,0.999678,1871,0,4,6208
26,NetBIOS,0.991461,0.972268,0.996656,0.98431,1610,17,2,596
26,Syn,0.998897,0.998127,1.0,0.999063,373,1,0,533
26,UDP,0.999278,1.0,0.999136,0.999568,2042,0,9,10411
26,UDPLag,0.990293,0.999773,0.986664,0.993175,3540,2,119,8804
27,LDAP,0.997881,0.999304,0.996528,0.997914,1390,1,5,1435
27,MSSQL,0.999505,1.0,0.999356,0.999678,1871,0,4,6208
27,NetBIOS,0.991461,0.972268,0.996656,0.98431,1610,17,2,596
27,Syn,0.998897,0.998127,1.0,0.999063,373,1,0,533
27,UDP,0.999278,1.0,0.999136,0.999568,2042,0,9,10411
27,UDPLag,0.990293,0.999773,0.986664,0.993175,3540,2,119,8804
28,LDAP,0.997881,0.999304,0.996528,0.997914,1390,1,5,1435
28,MSSQL,0.999505,1.0,0.999356,0.999678,1871,0,4,6208
28,NetBIOS,0.991461,0.972268,0.996656,0.98431,1610,17,2,596
28,Syn,0.998897,0.998127,1.0,0.999063,373,1,0,533
28,UDP,0.999278,1.0,0.999136,0.999568,2042,0,9,10411
28,UDPLag,0.990293,0.999773,0.986664,0.993175,3540,2,119,8804
29,LDAP,0.997881,0.999304,0.996528,0.997914,1390,1,5,1435
29,MSSQL,0.999505,1.0,0.999356,0.999678,1871,0,4,6208
29,NetBIOS,0.991461,0.972268,0.996656,0.98431,1610,17,2,596
29,Syn,0.998897,0.998127,1.0,0.999063,373,1,0,533
29,UDP,0.999278,1.0,0.999136,0.999568,2042,0,9,10411
29,UDPLag,0.990293,0.999773,0.986664,0.993175,3540,2,119,8804
30,LDAP,0.997881,0.999304,0.996528,0.997914,1390,1,5,1435
30,MSSQL,0.999505,1.0,0.999356,0.999678,1871,0,4,6208
30,NetBIOS,0.991461,0.972268,0.996656,0.98431,1610,17,2,596
30,Syn,0.998897,0.998127,1.0,0.999063,373,1,0,533
30,UDP,0.999278,1.0,0.999136,0.999568,2042,0,9,10411
30,UDPLag,0.990293,0.999773,0.986664,0.993175,3540,2,119,8804
31,LDAP,0.997881,0.999304,0.996528,0.997914,1390,1,5,1435
31,MSSQL,0.999505,1.0,0.999356,0.999678,1871,0,4,6208
31,NetBIOS,0.991461,0.972268,0.996656,0.98431,1610,17,2,596
31,Syn,0.998897,0.998127,1.0,0.999063,373,1,0,533
31,UDP,0.999278,1.0,0.999136,0.999568,2042,0,9,10411
31,UDPLag,0.990293,0.999773,0.986664,0.993175,3540,2,119,8804
32,LDAP,0.997881,0.999304,0.996528,0.997914,1390,1,5,1435
32,MSSQL,0.999505,1.0,0.999356,0.999678,1871,0,4,6208
32,NetBIOS,0.991461,0.972268,0.996656,0.98431,1610,17,2,596
32,Syn,0.998897,0.998127,1.0,0.999063,373,1,0,533
32,UDP,0.999278,1.0,0.999136,0.999568,2042,0,9,10411
32,UDPLag,0.990293,0.999773,0.986664,0.993175,3540,2,119,8804
33,LDAP,0.997881,0.999304,0.996528,0.997914,1390,1,5,1435
33,MSSQL,0.999505,1.0,0.999356,0.999678,1871,0,4,6208
33,NetBIOS,0.991461,0.972268,0.996656,0.98431,1610,17,2,596
33,Syn,0.998897,0.998127,1.0,0.999063,373,1,0,533
33,UDP,0.999278,1.0,0.999136,0.999568,2042,0,9,10411
33,UDPLag,0.990293,0.999773,0.986664,0.993175,3540,2,119,8804
34,LDAP,0.997881,0.999304,0.996528,0.997914,1390,1,5,1435
34,MSSQL,0.999505,1.0,0.999356,0.999678,1871,0,4,6208
34,NetBIOS,0.991461,0.972268,0.996656,0.98431,1610,17,2,596
34,Syn,0.998897,0.998127,1.0,0.999063,373,1,0,533
34,UDP,0.999278,1.0,0.999136,0.999568,2042,0,9,10411
34,UDPLag,0.990293,0.999773,0.986664,0.993175,3540,2,119,8804
35,LDAP,0.997881,0.999304,0.996528,0.997914,1390,1,5,1435
35,MSSQL,0.999505,1.0,0.999356,0.999678,1871,0,4,6208
35,NetBIOS,0.991461,0.972268,0.996656,0.98431,1610,17,2,596
35,Syn,0.998897,0.998127,1.0,0.999063,373,1,0,533
35,UDP,0.999278,1.0,0.999136,0.999568,2042,0,9,10411
35,UDPLag,0.990293,0.999773,0.986664,0.993175,3540,2,119,8804
36,LDAP,0.997881,0.999304,0.996528,0.997914,1390,1,5,1435
36,MSSQL,0.999505,1.0,0.999356,0.999678,1871,0,4,6208
36,NetBIOS,0.991461,0.972268,0.996656,0.98431,1610,17,2,596
36,Syn,0.998897,0.998127,1.0,0.999063,373,1,0,533
36,UDP,0.999278,1.0,0.999136,0.999568,2042,0,9,10411
36,UDPLag,0.990293,0.999773,0.986664,0.993175,3540,2,119,8804
37,LDAP,0.997881,0.999304,0.996528,0.997914,1390,1,5,1435
37,MSSQL,0.999505,1.0,0.999356,0.999678,1871,0,4,6208
37,NetBIOS,0.991461,0.972268,0.996656,0.98431,1610,17,2,596
37,Syn,0.998897,0.998127,1.0,0.999063,373,1,0,533
37,UDP,0.999278,1.0,0.999136,0.999568,2042,0,9,10411
37,UDPLag,0.990293,0.999773,0.986664,0.993175,3540,2,119,8804
38,LDAP,0.997881,0.999304,0.996528,0.997914,1390,1,5,1435
38,MSSQL,0.999505,1.0,0.999356,0.999678,1871,0,4,6208
38,NetBIOS,0.991461,0.972268,0.996656,0.98431,1610,17,2,596
38,Syn,0.998897,0.998127,1.0,0.999063,373,1,0,533
38,UDP,0.999278,1.0,0.999136,0.999568,2042,0,9,10411
38,UDPLag,0.990293,0.999773,0.986664,0.993175,3540,2,119,8804
39,LDAP,0.997881,0.999304,0.996528,0.997914,1390,1,5,1435
39,MSSQL,0.999505,1.0,0.999356,0.999678,1871,0,4,6208
39,NetBIOS,0.991461,0.972268,0.996656,0.98431,1610,17,2,596
39,Syn,0.998897,0.998127,1.0,0.999063,373,1,0,533
39,UDP,0.999278,1.0,0.999136,0.999568,2042,0,9,10411
39,UDPLag,0.990293,0.999773,0.986664,0.993175,3540,2,119,8804
40,LDAP,0.997881,0.999304,0.996528,0.997914,1390,1,5,1435
40,MSSQL,0.999505,1.0,0.999356,0.999678,1871,0,4,6208
40,NetBIOS,0.991461,0.972268,0.996656,0.98431,1610,17,2,596
40,Syn,0.998897,0.998127,1.0,0.999063,373,1,0,533
40,UDP,0.999278,1.0,0.999136,0.999568,2042,0,9,10411
40,UDPLag,0.990293,0.999773,0.986664,0.993175,3540,2,119,8804
41,LDAP,0.997881,0.999304,0.996528,0.997914,1390,1,5,1435
41,MSSQL,0.999505,1.0,0.999356,0.999678,1871,0,4,6208
41,NetBIOS,0.991461,0.972268,0.996656,0.98431,1610,17,2,596
41,Syn,0.998897,0.998127,1.0,0.999063,373,1,0,533
41,UDP,0.999278,1.0,0.999136,0.999568,2042,0,9,10411
41,UDPLag,0.990293,0.999773,0.986664,0.993175,3540,2,119,8804
42,LDAP,0.997881,0.999304,0.996528,0.997914,1390,1,5,1435
42,MSSQL,0.999505,1.0,0.999356,0.999678,1871,0,4,6208
42,NetBIOS,0.991461,0.972268,0.996656,0.98431,1610,17,2,596
42,Syn,0.998897,0.998127,1.0,0.999063,373,1,0,533
42,UDP,0.999278,1.0,0.999136,0.999568,2042,0,9,10411
42,UDPLag,0.990293,0.999773,0.986664,0.993175,3540,2,119,8804
43,LDAP,0.997881,0.999304,0.996528,0.997914,1390,1,5,1435
43,MSSQL,0.999505,1.0,0.999356,0.999678,1871,0,4,6208
43,NetBIOS,0.991461,0.972268,0.996656,0.98431,1610,17,2,596
43,Syn,0.998897,0.998127,1.0,0.999063,373,1,0,533
43,UDP,0.999278,1.0,0.999136,0.999568,2042,0,9,10411
43,UDPLag,0.990293,0.999773,0.986664,0.993175,3540,2,119,8804
44,LDAP,0.997881,0.999304,0.996528,0.997914,1390,1,5,1435
44,MSSQL,0.999505,1.0,0.999356,0.999678,1871,0,4,6208
44,NetBIOS,0.991461,0.972268,0.996656,0.98431,1610,17,2,596
44,Syn,0.998897,0.998127,1.0,0.999063,373,1,0,533
44,UDP,0.999278,1.0,0.999136,0.999568,2042,0,9,10411
44,UDPLag,0.990293,0.999773,0.986664,0.993175,3540,2,119,8804
45,LDAP,0.997881,0.999304,0.996528,0.997914,1390,1,5,1435
45,MSSQL,0.999505,1.0,0.999356,0.999678,1871,0,4,6208
45,NetBIOS,0.991461,0.972268,0.996656,0.98431,1610,17,2,596
45,Syn,0.998897,0.998127,1.0,0.999063,373,1,0,533
45,UDP,0.999278,1.0,0.999136,0.999568,2042,0,9,10411
45,UDPLag,0.990293,0.999773,0.986664,0.993175,3540,2,119,8804
46,LDAP,0.997881,0.999304,0.996528,0.997914,1390,1,5,1435
46,MSSQL,0.999505,1.0,0.999356,0.999678,1871,0,4,6208
46,NetBIOS,0.991461,0.972268,0.996656,0.98431,1610,17,2,596
46,Syn,0.998897,0.998127,1.0,0.999063,373,1,0,533
46,UDP,0.999278,1.0,0.999136,0.999568,2042,0,9,10411
46,UDPLag,0.990293,0.999773,0.986664,0.993175,3540,2,119,8804
47,LDAP,0.997881,0.999304,0.996528,0.997914,1390,1,5,1435
47,MSSQL,0.999505,1.0,0.999356,0.999678,1871,0,4,6208
47,NetBIOS,0.991461,0.972268,0.996656,0.98431,1610,17,2,596
47,Syn,0.998897,0.998127,1.0,0.999063,373,1,0,533
47,UDP,0.999278,1.0,0.999136,0.999568,2042,0,9,10411
47,UDPLag,0.990293,0.999773,0.986664,0.993175,3540,2,119,8804
48,LDAP,0.997881,0.999304,0.996528,0.997914,1390,1,5,1435
48,MSSQL,0.999505,1.0,0.999356,0.999678,1871,0,4,6208
48,NetBIOS,0.991461,0.972268,0.996656,0.98431,1610,17,2,596
48,Syn,0.998897,0.998127,1.0,0.999063,373,1,0,533
48,UDP,0.999278,1.0,0.999136,0.999568,2042,0,9,10411
48,UDPLag,0.990293,0.999773,0.986664,0.993175,3540,2,119,8804
49,LDAP,0.997881,0.999304,0.996528,0.997914,1390,1,5,1435
49,MSSQL,0.999505,1.0,0.999356,0.999678,1871,0,4,6208
49,NetBIOS,0.991461,0.972268,0.996656,0.98431,1610,17,2,596
49,Syn,0.998897,0.998127,1.0,0.999063,373,1,0,533
49,UDP,0.999278,1.0,0.999136,0.999568,2042,0,9,10411
49,UDPLag,0.990293,0.999773,0.986664,0.993175,3540,2,119,8804
50,LDAP,0.997881,0.999304,0.996528,0.997914,1390,1,5,1435
50,MSSQL,0.999505,1.0,0.999356,0.999678,1871,0,4,6208
50,NetBIOS,0.991461,0.972268,0.996656,0.98431,1610,17,2,596
50,Syn,0.998897,0.998127,1.0,0.999063,373,1,0,533
50,UDP,0.999278,1.0,0.999136,0.999568,2042,0,9,10411
50,UDPLag,0.990293,0.999773,0.986664,0.993175,3540,2,119,8804
51,LDAP,0.997881,0.999304,0.996528,0.997914,1390,1,5,1435
51,MSSQL,0.999505,1.0,0.999356,0.999678,1871,0,4,6208
51,NetBIOS,0.991461,0.972268,0.996656,0.98431,1610,17,2,596
51,Syn,0.998897,0.998127,1.0,0.999063,373,1,0,533
51,UDP,0.999278,1.0,0.999136,0.999568,2042,0,9,10411
51,UDPLag,0.990293,0.999773,0.986664,0.993175,3540,2,119,8804
52,LDAP,0.997881,0.999304,0.996528,0.997914,1390,1,5,1435
52,MSSQL,0.999505,1.0,0.999356,0.999678,1871,0,4,6208
52,NetBIOS,0.991461,0.972268,0.996656,0.98431,1610,17,2,596
52,Syn,0.998897,0.998127,1.0,0.999063,373,1,0,533
52,UDP,0.999278,1.0,0.999136,0.999568,2042,0,9,10411
52,UDPLag,0.990293,0.999773,0.986664,0.993175,3540,2,119,8804
53,LDAP,0.997881,0.999304,0.996528,0.997914,1390,1,5,1435
53,MSSQL,0.999505,1.0,0.999356,0.999678,1871,0,4,6208
53,NetBIOS,0.991461,0.972268,0.996656,0.98431,1610,17,2,596
53,Syn,0.998897,0.998127,1.0,0.999063,373,1,0,533
53,UDP,0.999278,1.0,0.999136,0.999568,2042,0,9,10411
53,UDPLag,0.990293,0.999773,0.986664,0.993175,3540,2,119,8804
54,LDAP,0.997881,0.999304,0.996528,0.997914,1390,1,5,1435
54,MSSQL,0.999505,1.0,0.999356,0.999678,1871,0,4,6208
54,NetBIOS,0.991461,0.972268,0.996656,0.98431,1610,17,2,596
54,Syn,0.998897,0.998127,1.0,0.999063,373,1,0,533
54,UDP,0.999278,1.0,0.999136,0.999568,2042,0,9,10411
54,UDPLag,0.990293,0.999773,0.986664,0.993175,3540,2,119,8804
55,LDAP,0.997881,0.999304,0.996528,0.997914,1390,1,5,1435
55,MSSQL,0.999505,1.0,0.999356,0.999678,1871,0,4,6208
55,NetBIOS,0.991461,0.972268,0.996656,0.98431,1610,17,2,596
55,Syn,0.998897,0.998127,1.0,0.999063,373,1,0,533
55,UDP,0.999278,1.0,0.999136,0.999568,2042,0,9,10411
55,UDPLag,0.990293,0.999773,0.986664,0.993175,3540,2,119,8804
56,LDAP,0.997881,0.999304,0.996528,0.997914,1390,1,5,1435
56,MSSQL,0.999505,1.0,0.999356,0.999678,1871,0,4,6208
56,NetBIOS,0.991461,0.972268,0.996656,0.98431,1610,17,2,596
56,Syn,0.998897,0.998127,1.0,0.999063,373,1,0,533
56,UDP,0.999278,1.0,0.999136,0.999568,2042,0,9,10411
56,UDPLag,0.990293,0.999773,0.986664,0.993175,3540,2,119,8804
57,LDAP,0.997881,0.999304,0.996528,0.997914,1390,1,5,1435
57,MSSQL,0.999505,1.0,0.999356,0.999678,1871,0,4,6208
57,NetBIOS,0.991461,0.972268,0.996656,0.98431,1610,17,2,596
57,Syn,0.998897,0.998127,1.0,0.999063,373,1,0,533
57,UDP,0.999278,1.0,0.999136,0.999568,2042,0,9,10411
57,UDPLag,0.990293,0.999773,0.986664,0.993175,3540,2,119,8804
58,LDAP,0.997881,0.999304,0.996528,0.997914,1390,1,5,1435
58,MSSQL,0.999505,1.0,0.999356,0.999678,1871,0,4,6208
58,NetBIOS,0.991461,0.972268,0.996656,0.98431,1610,17,2,596
58,Syn,0.998897,0.998127,1.0,0.999063,373,1,0,533
58,UDP,0.999278,1.0,0.999136,0.999568,2042,0,9,10411
58,UDPLag,0.990293,0.999773,0.986664,0.993175,3540,2,119,8804
59,LDAP,0.997881,0.999304,0.996528,0.997914,1390,1,5,1435
59,MSSQL,0.999505,1.0,0.999356,0.999678,1871,0,4,6208
59,NetBIOS,0.991461,0.972268,0.996656,0.98431,1610,17,2,596
59,Syn,0.998897,0.998127,1.0,0.999063,373,1,0,533
59,UDP,0.999278,1.0,0.999136,0.999568,2042,0,9,10411
59,UDPLag,0.990293,0.999773,0.986664,0.993175,3540,2,119,8804
60,LDAP,0.997881,0.999304,0.996528,0.997914,1390,1,5,1435
60,MSSQL,0.999505,1.0,0.999356,0.999678,1871,0,4,6208
60,NetBIOS,0.991461,0.972268,0.996656,0.98431,1610,17,2,596
60,Syn,0.998897,0.998127,1.0,0.999063,373,1,0,533
60,UDP,0.999278,1.0,0.999136,0.999568,2042,0,9,10411
60,UDPLag,0.990293,0.999773,0.986664,0.993175,3540,2,119,8804
61,LDAP,0.997881,0.999304,0.996528,0.997914,1390,1,5,1435
61,MSSQL,0.999505,1.0,0.999356,0.999678,1871,0,4,6208
61,NetBIOS,0.991461,0.972268,0.996656,0.98431,1610,17,2,596
61,Syn,0.998897,0.998127,1.0,0.999063,373,1,0,533
61,UDP,0.999278,1.0,0.999136,0.999568,2042,0,9,10411
61,UDPLag,0.990293,0.999773,0.986664,0.993175,3540,2,119,8804
62,LDAP,0.997881,0.999304,0.996528,0.997914,1390,1,5,1435
62,MSSQL,0.999505,1.0,0.999356,0.999678,1871,0,4,6208
62,NetBIOS,0.991461,0.972268,0.996656,0.98431,1610,17,2,596
62,Syn,0.998897,0.998127,1.0,0.999063,373,1,0,533
62,UDP,0.999278,1.0,0.999136,0.999568,2042,0,9,10411
62,UDPLag,0.990293,0.999773,0.986664,0.993175,3540,2,119,8804
63,LDAP,0.997881,0.999304,0.996528,0.997914,1390,1,5,1435
63,MSSQL,0.999505,1.0,0.999356,0.999678,1871,0,4,6208
63,NetBIOS,0.991461,0.972268,0.996656,0.98431,1610,17,2,596
63,Syn,0.998897,0.998127,1.0,0.999063,373,1,0,533
63,UDP,0.999278,1.0,0.999136,0.999568,2042,0,9,10411
63,UDPLag,0.990293,0.999773,0.986664,0.993175,3540,2,119,8804
64,LDAP,0.997881,0.999304,0.996528,0.997914,1390,1,5,1435
64,MSSQL,0.999505,1.0,0.999356,0.999678,1871,0,4,6208
64,NetBIOS,0.991461,0.972268,0.996656,0.98431,1610,17,2,596
64,Syn,0.998897,0.998127,1.0,0.999063,373,1,0,533
64,UDP,0.999278,1.0,0.999136,0.999568,2042,0,9,10411
64,UDPLag,0.990293,0.999773,0.986664,0.993175,3540,2,119,8804
65,LDAP,0.997881,0.999304,0.996528,0.997914,1390,1,5,1435
65,MSSQL,0.999505,1.0,0.999356,0.999678,1871,0,4,6208
65,NetBIOS,0.991461,0.972268,0.996656,0.98431,1610,17,2,596
65,Syn,0.998897,0.998127,1.0,0.999063,373,1,0,533
65,UDP,0.999278,1.0,0.999136,0.999568,2042,0,9,10411
65,UDPLag,0.990293,0.999773,0.986664,0.993175,3540,2,119,8804
66,LDAP,0.997881,0.999304,0.996528,0.997914,1390,1,5,1435
66,MSSQL,0.999505,1.0,0.999356,0.999678,1871,0,4,6208
66,NetBIOS,0.991461,0.972268,0.996656,0.98431,1610,17,2,596
66,Syn,0.998897,0.998127,1.0,0.999063,373,1,0,533
66,UDP,0.999278,1.0,0.999136,0.999568,2042,0,9,10411
66,UDPLag,0.990293,0.999773,0.986664,0.993175,3540,2,119,8804
67,LDAP,0.997881,0.999304,0.996528,0.997914,1390,1,5,1435
67,MSSQL,0.999505,1.0,0.999356,0.999678,1871,0,4,6208
67,NetBIOS,0.991461,0.972268,0.996656,0.98431,1610,17,2,596
67,Syn,0.998897,0.998127,1.0,0.999063,373,1,0,533
67,UDP,0.999278,1.0,0.999136,0.999568,2042,0,9,10411
67,UDPLag,0.990293,0.999773,0.986664,0.993175,3540,2,119,8804
68,LDAP,0.997881,0.999304,0.996528,0.997914,1390,1,5,1435
68,MSSQL,0.999505,1.0,0.999356,0.999678,1871,0,4,6208
68,NetBIOS,0.991461,0.972268,0.996656,0.98431,1610,17,2,596
68,Syn,0.998897,0.998127,1.0,0.999063,373,1,0,533
68,UDP,0.999278,1.0,0.999136,0.999568,2042,0,9,10411
68,UDPLag,0.990293,0.999773,0.986664,0.993175,3540,2,119,8804
69,LDAP,0.997881,0.999304,0.996528,0.997914,1390,1,5,1435
69,MSSQL,0.999505,1.0,0.999356,0.999678,1871,0,4,6208
69,NetBIOS,0.991461,0.972268,0.996656,0.98431,1610,17,2,596
69,Syn,0.998897,0.998127,1.0,0.999063,373,1,0,533
69,UDP,0.999278,1.0,0.999136,0.999568,2042,0,9,10411
69,UDPLag,0.990293,0.999773,0.986664,0.993175,3540,2,119,8804
70,LDAP,0.997881,0.999304,0.996528,0.997914,1390,1,5,1435
70,MSSQL,0.999505,1.0,0.999356,0.999678,1871,0,4,6208
70,NetBIOS,0.991461,0.972268,0.996656,0.98431,1610,17,2,596
70,Syn,0.998897,0.998127,1.0,0.999063,373,1,0,533
70,UDP,0.999278,1.0,0.999136,0.999568,2042,0,9,10411
70,UDPLag,0.990293,0.999773,0.986664,0.993175,3540,2,119,8804
71,LDAP,0.997881,0.999304,0.996528,0.997914,1390,1,5,1435
71,MSSQL,0.999505,1.0,0.999356,0.999678,1871,0,4,6208
71,NetBIOS,0.991461,0.972268,0.996656,0.98431,1610,17,2,596
71,Syn,0.998897,0.998127,1.0,0.999063,373,1,0,533
71,UDP,0.999278,1.0,0.999136,0.999568,2042,0,9,10411
71,UDPLag,0.990293,0.999773,0.986664,0.993175,3540,2,119,8804
72,LDAP,0.997881,0.999304,0.996528,0.997914,1390,1,5,1435
72,MSSQL,0.999505,1.0,0.999356,0.999678,1871,0,4,6208
72,NetBIOS,0.991461,0.972268,0.996656,0.98431,1610,17,2,596
72,Syn,0.998897,0.998127,1.0,0.999063,373,1,0,533
72,UDP,0.999278,1.0,0.999136,0.999568,2042,0,9,10411
72,UDPLag,0.990293,0.999773,0.986664,0.993175,3540,2,119,8804
73,LDAP,0.997881,0.999304,0.996528,0.997914,1390,1,5,1435
73,MSSQL,0.999505,1.0,0.999356,0.999678,1871,0,4,6208
73,NetBIOS,0.991461,0.972268,0.996656,0.98431,1610,17,2,596
73,Syn,0.998897,0.998127,1.0,0.999063,373,1,0,533
73,UDP,0.999278,1.0,0.999136,0.999568,2042,0,9,10411
73,UDPLag,0.990293,0.999773,0.986664,0.993175,3540,2,119,8804
74,LDAP,0.997881,0.999304,0.996528,0.997914,1390,1,5,1435
74,MSSQL,0.999505,1.0,0.999356,0.999678,1871,0,4,6208
74,NetBIOS,0.991461,0.972268,0.996656,0.98431,1610,17,2,596
74,Syn,0.998897,0.998127,1.0,0.999063,373,1,0,533
74,UDP,0.999278,1.0,0.999136,0.999568,2042,0,9,10411
74,UDPLag,0.990293,0.999773,0.986664,0.993175,3540,2,119,8804
75,LDAP,0.997881,0.999304,0.996528,0.997914,1390,1,5,1435
75,MSSQL,0.999505,1.0,0.999356,0.999678,1871,0,4,6208
75,NetBIOS,0.991461,0.972268,0.996656,0.98431,1610,17,2,596
75,Syn,0.998897,0.998127,1.0,0.999063,373,1,0,533
75,UDP,0.999278,1.0,0.999136,0.999568,2042,0,9,10411
75,UDPLag,0.990293,0.999773,0.986664,0.993175,3540,2,119,8804
76,LDAP,0.997881,0.999304,0.996528,0.997914,1390,1,5,1435
76,MSSQL,0.999505,1.0,0.999356,0.999678,1871,0,4,6208
76,NetBIOS,0.991461,0.972268,0.996656,0.98431,1610,17,2,596
76,Syn,0.998897,0.998127,1.0,0.999063,373,1,0,533
76,UDP,0.999278,1.0,0.999136,0.999568,2042,0,9,10411
76,UDPLag,0.990293,0.999773,0.986664,0.993175,3540,2,119,8804
77,LDAP,0.997881,0.999304,0.996528,0.997914,1390,1,5,1435
77,MSSQL,0.999505,1.0,0.999356,0.999678,1871,0,4,6208
77,NetBIOS,0.991461,0.972268,0.996656,0.98431,1610,17,2,596
77,Syn,0.998897,0.998127,1.0,0.999063,373,1,0,533
77,UDP,0.999278,1.0,0.999136,0.999568,2042,0,9,10411
77,UDPLag,0.990293,0.999773,0.986664,0.993175,3540,2,119,8804
78,LDAP,0.997881,0.999304,0.996528,0.997914,1390,1,5,1435
78,MSSQL,0.999505,1.0,0.999356,0.999678,1871,0,4,6208
78,NetBIOS,0.991461,0.972268,0.996656,0.98431,1610,17,2,596
78,Syn,0.998897,0.998127,1.0,0.999063,373,1,0,533
78,UDP,0.999278,1.0,0.999136,0.999568,2042,0,9,10411
78,UDPLag,0.990293,0.999773,0.986664,0.993175,3540,2,119,8804
79,LDAP,0.997881,0.999304,0.996528,0.997914,1390,1,5,1435
79,MSSQL,0.999505,1.0,0.999356,0.999678,1871,0,4,6208
79,NetBIOS,0.991461,0.972268,0.996656,0.98431,1610,17,2,596
79,Syn,0.998897,0.998127,1.0,0.999063,373,1,0,533
79,UDP,0.999278,1.0,0.999136,0.999568,2042,0,9,10411
79,UDPLag,0.990293,0.999773,0.986664,0.993175,3540,2,119,8804
80,LDAP,0.997881,0.999304,0.996528,0.997914,1390,1,5,1435
80,MSSQL,0.999505,1.0,0.999356,0.999678,1871,0,4,6208
80,NetBIOS,0.991461,0.972268,0.996656,0.98431,1610,17,2,596
80,Syn,0.998897,0.998127,1.0,0.999063,373,1,0,533
80,UDP,0.999278,1.0,0.999136,0.999568,2042,0,9,10411
80,UDPLag,0.990293,0.999773,0.986664,0.993175,3540,2,119,8804
81,LDAP,0.997881,0.999304,0.996528,0.997914,1390,1,5,1435
81,MSSQL,0.999505,1.0,0.999356,0.999678,1871,0,4,6208
81,NetBIOS,0.991461,0.972268,0.996656,0.98431,1610,17,2,596
81,Syn,0.998897,0.998127,1.0,0.999063,373,1,0,533
81,UDP,0.999278,1.0,0.999136,0.999568,2042,0,9,10411
81,UDPLag,0.990293,0.999773,0.986664,0.993175,3540,2,119,8804
82,LDAP,0.997881,0.999304,0.996528,0.997914,1390,1,5,1435
82,MSSQL,0.999505,1.0,0.999356,0.999678,1871,0,4,6208
82,NetBIOS,0.991461,0.972268,0.996656,0.98431,1610,17,2,596
82,Syn,0.998897,0.998127,1.0,0.999063,373,1,0,533
82,UDP,0.999278,1.0,0.999136,0.999568,2042,0,9,10411
82,UDPLag,0.990293,0.999773,0.986664,0.993175,3540,2,119,8804
83,LDAP,0.997881,0.999304,0.996528,0.997914,1390,1,5,1435
83,MSSQL,0.999505,1.0,0.999356,0.999678,1871,0,4,6208
83,NetBIOS,0.991461,0.972268,0.996656,0.98431,1610,17,2,596
83,Syn,0.998897,0.998127,1.0,0.999063,373,1,0,533
83,UDP,0.999278,1.0,0.999136,0.999568,2042,0,9,10411
83,UDPLag,0.990293,0.999773,0.986664,0.993175,3540,2,119,8804
84,LDAP,0.997881,0.999304,0.996528,0.997914,1390,1,5,1435
84,MSSQL,0.999505,1.0,0.999356,0.999678,1871,0,4,6208
84,NetBIOS,0.991461,0.972268,0.996656,0.98431,1610,17,2,596
84,Syn,0.998897,0.998127,1.0,0.999063,373,1,0,533
84,UDP,0.999278,1.0,0.999136,0.999568,2042,0,9,10411
84,UDPLag,0.990293,0.999773,0.986664,0.993175,3540,2,119,8804
85,LDAP,0.997881,0.999304,0.996528,0.997914,1390,1,5,1435
85,MSSQL,0.999505,1.0,0.999356,0.999678,1871,0,4,6208
85,NetBIOS,0.991461,0.972268,0.996656,0.98431,1610,17,2,596
85,Syn,0.998897,0.998127,1.0,0.999063,373,1,0,533
85,UDP,0.999278,1.0,0.999136,0.999568,2042,0,9,10411
85,UDPLag,0.990293,0.999773,0.986664,0.993175,3540,2,119,8804
86,LDAP,0.997881,0.999304,0.996528,0.997914,1390,1,5,1435
86,MSSQL,0.999505,1.0,0.999356,0.999678,1871,0,4,6208
86,NetBIOS,0.991461,0.972268,0.996656,0.98431,1610,17,2,596
86,Syn,0.998897,0.998127,1.0,0.999063,373,1,0,533
86,UDP,0.999278,1.0,0.999136,0.999568,2042,0,9,10411
86,UDPLag,0.990293,0.999773,0.986664,0.993175,3540,2,119,8804
87,LDAP,0.997881,0.999304,0.996528,0.997914,1390,1,5,1435
87,MSSQL,0.999505,1.0,0.999356,0.999678,1871,0,4,6208
87,NetBIOS,0.991461,0.972268,0.996656,0.98431,1610,17,2,596
87,Syn,0.998897,0.998127,1.0,0.999063,373,1,0,533
87,UDP,0.999278,1.0,0.999136,0.999568,2042,0,9,10411
87,UDPLag,0.990293,0.999773,0.986664,0.993175,3540,2,119,8804
88,LDAP,0.997881,0.999304,0.996528,0.997914,1390,1,5,1435
88,MSSQL,0.999505,1.0,0.999356,0.999678,1871,0,4,6208
88,NetBIOS,0.991461,0.972268,0.996656,0.98431,1610,17,2,596
88,Syn,0.998897,0.998127,1.0,0.999063,373,1,0,533
88,UDP,0.999278,1.0,0.999136,0.999568,2042,0,9,10411
88,UDPLag,0.990293,0.999773,0.986664,0.993175,3540,2,119,8804
89,LDAP,0.997881,0.999304,0.996528,0.997914,1390,1,5,1435
89,MSSQL,0.999505,1.0,0.999356,0.999678,1871,0,4,6208
89,NetBIOS,0.991461,0.972268,0.996656,0.98431,1610,17,2,596
89,Syn,0.998897,0.998127,1.0,0.999063,373,1,0,533
89,UDP,0.999278,1.0,0.999136,0.999568,2042,0,9,10411
89,UDPLag,0.990293,0.999773,0.986664,0.993175,3540,2,119,8804
90,LDAP,0.997881,0.999304,0.996528,0.997914,1390,1,5,1435
90,MSSQL,0.999505,1.0,0.999356,0.999678,1871,0,4,6208
90,NetBIOS,0.991461,0.972268,0.996656,0.98431,1610,17,2,596
90,Syn,0.998897,0.998127,1.0,0.999063,373,1,0,533
90,UDP,0.999278,1.0,0.999136,0.999568,2042,0,9,10411
90,UDPLag,0.990293,0.999773,0.986664,0.993175,3540,2,119,8804
91,LDAP,0.997881,0.999304,0.996528,0.997914,1390,1,5,1435
91,MSSQL,0.999505,1.0,0.999356,0.999678,1871,0,4,6208
91,NetBIOS,0.991461,0.972268,0.996656,0.98431,1610,17,2,596
91,Syn,0.998897,0.998127,1.0,0.999063,373,1,0,533
91,UDP,0.999278,1.0,0.999136,0.999568,2042,0,9,10411
91,UDPLag,0.990293,0.999773,0.986664,0.993175,3540,2,119,8804
92,LDAP,0.997881,0.999304,0.996528,0.997914,1390,1,5,1435
92,MSSQL,0.999505,1.0,0.999356,0.999678,1871,0,4,6208
92,NetBIOS,0.991461,0.972268,0.996656,0.98431,1610,17,2,596
92,Syn,0.998897,0.998127,1.0,0.999063,373,1,0,533
92,UDP,0.999278,1.0,0.999136,0.999568,2042,0,9,10411
92,UDPLag,0.990293,0.999773,0.986664,0.993175,3540,2,119,8804
93,LDAP,0.997881,0.999304,0.996528,0.997914,1390,1,5,1435
93,MSSQL,0.999505,1.0,0.999356,0.999678,1871,0,4,6208
93,NetBIOS,0.991461,0.972268,0.996656,0.98431,1610,17,2,596
93,Syn,0.998897,0.998127,1.0,0.999063,373,1,0,533
93,UDP,0.999278,1.0,0.999136,0.999568,2042,0,9,10411
93,UDPLag,0.990293,0.999773,0.986664,0.993175,3540,2,119,8804
94,LDAP,0.997881,0.999304,0.996528,0.997914,1390,1,5,1435
94,MSSQL,0.999505,1.0,0.999356,0.999678,1871,0,4,6208
94,NetBIOS,0.991461,0.972268,0.996656,0.98431,1610,17,2,596
94,Syn,0.998897,0.998127,1.0,0.999063,373,1,0,533
94,UDP,0.999278,1.0,0.999136,0.999568,2042,0,9,10411
94,UDPLag,0.990293,0.999773,0.986664,0.993175,3540,2,119,8804
95,LDAP,0.997881,0.999304,0.996528,0.997914,1390,1,5,1435
95,MSSQL,0.999505,1.0,0.999356,0.999678,1871,0,4,6208
95,NetBIOS,0.991461,0.972268,0.996656,0.98431,1610,17,2,596
95,Syn,0.998897,0.998127,1.0,0.999063,373,1,0,533
95,UDP,0.999278,1.0,0.999136,0.999568,2042,0,9,10411
95,UDPLag,0.990293,0.999773,0.986664,0.993175,3540,2,119,8804
96,LDAP,0.997881,0.999304,0.996528,0.997914,1390,1,5,1435
96,MSSQL,0.999505,1.0,0.999356,0.999678,1871,0,4,6208
96,NetBIOS,0.991461,0.972268,0.996656,0.98431,1610,17,2,596
96,Syn,0.998897,0.998127,1.0,0.999063,373,1,0,533
96,UDP,0.999278,1.0,0.999136,0.999568,2042,0,9,10411
96,UDPLag,0.990293,0.999773,0.986664,0.993175,3540,2,119,8804
97,LDAP,0.997881,0.999304,0.996528,0.997914,1390,1,5,1435
97,MSSQL,0.999505,1.0,0.999356,0.999678,1871,0,4,6208
97,NetBIOS,0.991461,0.972268,0.996656,0.98431,1610,17,2,596
97,Syn,0.998897,0.998127,1.0,0.999063,373,1,0,533
97,UDP,0.999278,1.0,0.999136,0.999568,2042,0,9,10411
97,UDPLag,0.990293,0.999773,0.986664,0.993175,3540,2,119,8804
98,LDAP,0.997881,0.999304,0.996528,0.997914,1390,1,5,1435
98,MSSQL,0.999505,1.0,0.999356,0.999678,1871,0,4,6208
98,NetBIOS,0.991461,0.972268,0.996656,0.98431,1610,17,2,596
98,Syn,0.998897,0.998127,1.0,0.999063,373,1,0,533
98,UDP,0.999278,1.0,0.999136,0.999568,2042,0,9,10411
98,UDPLag,0.990293,0.999773,0.986664,0.993175,3540,2,119,8804
99,LDAP,0.997881,0.999304,0.996528,0.997914,1390,1,5,1435
99,MSSQL,0.999505,1.0,0.999356,0.999678,1871,0,4,6208
99,NetBIOS,0.991461,0.972268,0.996656,0.98431,1610,17,2,596
99,Syn,0.998897,0.998127,1.0,0.999063,373,1,0,533
99,UDP,0.999278,1.0,0.999136,0.999568,2042,0,9,10411
99,UDPLag,0.990293,0.999773,0.986664,0.993175,3540,2,119,8804
100,LDAP,0.997881,0.999304,0.996528,0.997914,1390,1,5,1435
100,MSSQL,0.999505,1.0,0.999356,0.999678,1871,0,4,6208
100,NetBIOS,0.991461,0.972268,0.996656,0.98431,1610,17,2,596
100,Syn,0.998897,0.998127,1.0,0.999063,373,1,0,533
100,UDP,0.999278,1.0,0.999136,0.999568,2042,0,9,10411
100,UDPLag,0.990293,0.999773,0.986664,0.993175,3540,2,119,8804
